9,,3.996255683
9,,
8,,
10,,
8,,
8,,
9,,
13,,
9,,
8,,
13,,
9,,
8,,
8,,
6,,
8,,
7,,
8,,
8,,
5,,
6,,
7,,
7,,
6,,
6,,
6,,
8,,
9,,
8,,
7,,
6,,
8,,
6,,
6,,
7,,
7,,
5,,
7,,
9,,
8,,
9,,
6,,
6,,
8,,
9,,
9,,
7,,
7,,
12,,
8,,
6,,
7,,
6,,
9,,
5,,
6,,
6,,
7,,
7,,
6,,
5,,
5,,
3,,
3,,
3,,
6,,
4,,
3,,
8,,
6,,
5,,
8,,
3,,
5,,
3,,
3,,
4,,
3,,
3,,
5,,
3,,
5,,
6,,
3,,
4,,
4,,
6,,
5,,
3,,
7,,
3,,
4,,
3,,
6,,
5,,
3,,
4,,
6,,
6,,
3,,
5,,
3,,
5,,
4,,
6,,
6,,
2,,
7,,
3,,
4,,
2,,
3,,
2,,
7,,
5,,
5,,
5,,
3,,
3,,
3,,
4,,
5,,
4,,
10,,
6,,
8,,
3,,
9,,
10,,
4,,
3,,
3,,
5,,
5,,
5,,
6,,
4,,
3,,
3,,
4,,
2,,
2,,
5,,
4,,
6,,
3,,
3,,
6,,
3,,
3,,
3,,
3,,
6,,
4,,
5,,
3,,
3,,
17,,
3,,
3,,
3,,
3,,
3,,
6,,
5,,
5,,
3,,
2,,
10,,
5,,
2,,
4,,
3,,
5,,
6,,
5,,
3,,
5,,
3,,
4,,
5,,
5,,
3,,
5,,
3,,
8,,
6,,
2,,
3,,
5,,
5,,
3,,
7,,
4,,
3,,
3,,
4,,
3,,
3,,
7,,
3,,
4,,
3,,
5,,
5,,
2,,
3,,
4,,
3,,
5,,
5,,
4,,
4,,
2,,
10,,
6,,
4,,
3,,
6,,
4,,
5,,
5,,
4,,
7,,
5,,
9,,
6,,
4,,
5,,
4,,
6,,
5,,
4,,
5,,
2,,
7,,
3,,
3,,
2,,
5,,
4,,
5,,
7,,
3,,
4,,
3,,
7,,
5,,
7,,
3,,
5,,
3,,
2,,
5,,
11,,
3,,
5,,
3,,
4,,
3,,
2,,
3,,
2,,
4,,
3,,
5,,
6,,
5,,
3,,
6,,
5,,
3,,
5,,
6,,
4,,
4,,
4,,
5,,
3,,
5,,
4,,
4,,
6,,
5,,
3,,
5,,
4,,
3,,
3,,
4,,
6,,
5,,
6,,
5,,
3,,
3,,
3,,
4,,
3,,
5,,
3,,
3,,
5,,
5,,
11,,
6,,
3,,
4,,
4,,
9,,
8,,
4,,
2,,
5,,
15,,
5,,
8,,
6,,
3,,
4,,
3,,
6,,
5,,
3,,
6,,
3,,
4,,
3,,
5,,
3,,
5,,
7,,
5,,
3,,
3,,
5,,
3,,
5,,
4,,
4,,
5,,
3,,
3,,
6,,
5,,
2,,
4,,
6,,
5,,
3,,
4,,
6,,
5,,
3,,
4,,
3,,
4,,
6,,
6,,
4,,
2,,
4,,
2,,
4,,
5,,
6,,
4,,
4,,
4,,
5,,
3,,
3,,
3,,
4,,
3,,
2,,
4,,
17,,
3,,
5,,
5,,
5,,
6,,
5,,
5,,
6,,
7,,
3,,
4,,
2,,
3,,
3,,
9,,
5,,
6,,
5,,
4,,
7,,
4,,
9,,
6,,
2,,
3,,
5,,
6,,
5,,
4,,
5,,
3,,
5,,
6,,
2,,
4,,
5,,
7,,
3,,
3,,
16,,
6,,
2,,
4,,
7,,
4,,
4,,
10,,
4,,
4,,
8,,
10,,
4,,
6,,
4,,
4,,
5,,
3,,
3,,
7,,
18,,
6,,
6,,
3,,
4,,
3,,
6,,
6,,
2,,
6,,
3,,
5,,
14,,
6,,
6,,
4,,
7,,
4,,
6,,
6,,
4,,
8,,
2,,
7,,
2,,
6,,
4,,
5,,
3,,
6,,
4,,
6,,
3,,
6,,
2,,
5,,
3,,
7,,
3,,
6,,
6,,
6,,
3,,
5,,
3,,
6,,
5,,
7,,
4,,
9,,
3,,
7,,
6,,
6,,
6,,
2,,
7,,
3,,
8,,
2,,
3,,
5,,
4,,
6,,
5,,
7,,
5,,
3,,
6,,
5,,
5,,
4,,
3,,
6,,
3,,
5,,
6,,
4,,
5,,
4,,
5,,
5,,
3,,
7,,
3,,
3,,
5,,
3,,
5,,
5,,
4,,
6,,
5,,
2,,
6,,
6,,
4,,
6,,
3,,
3,,
5,,
3,,
3,,
5,,
3,,
3,,
5,,
3,,
3,,
4,,
3,,
7,,
5,,
5,,
3,,
4,,
5,,
3,,
23,,
9,,
4,,
4,,
4,,
3,,
2,,
5,,
5,,
3,,
7,,
5,,
3,,
2,,
9,,
6,,
3,,
10,,
6,,
4,,
5,,
5,,
5,,
5,,
4,,
5,,
9,,
3,,
5,,
5,,
3,,
7,,
5,,
5,,
3,,
4,,
5,,
4,,
4,,
2,,
5,,
8,,
3,,
3,,
4,,
5,,
3,,
3,,
7,,
7,,
3,,
3,,
5,,
5,,
5,,
3,,
5,,
6,,
5,,
3,,
4,,
6,,
5,,
3,,
3,,
4,,
5,,
9,,
4,,
2,,
5,,
5,,
5,,
3,,
5,,
6,,
5,,
3,,
4,,
3,,
8,,
5,,
3,,
4,,
6,,
9,,
7,,
3,,
4,,
5,,
6,,
5,,
5,,
4,,
2,,
6,,
4,,
5,,
2,,
3,,
5,,
6,,
5,,
4,,
3,,
7,,
6,,
7,,
4,,
4,,
3,,
5,,
5,,
4,,
19,,
3,,
4,,
6,,
5,,
4,,
3,,
3,,
3,,
4,,
5,,
5,,
2,,
3,,
4,,
4,,
5,,
6,,
4,,
2,,
2,,
6,,
4,,
5,,
3,,
3,,
3,,
7,,
5,,
5,,
3,,
3,,
3,,
3,,
6,,
7,,
4,,
3,,
3,,
3,,
5,,
6,,
6,,
5,,
3,,
3,,
5,,
5,,
6,,
6,,
4,,
3,,
2,,
4,,
6,,
5,,
7,,
5,,
3,,
2,,
3,,
3,,
4,,
5,,
5,,
4,,
3,,
3,,
5,,
5,,
5,,
10,,
4,,
2,,
3,,
3,,
3,,
5,,
16,,
6,,
5,,
3,,
4,,
3,,
3,,
7,,
6,,
5,,
6,,
5,,
4,,
3,,
3,,
6,,
5,,
4,,
10,,
4,,
2,,
3,,
3,,
5,,
5,,
6,,
5,,
5,,
3,,
3,,
3,,
3,,
3,,
6,,
6,,
5,,
5,,
5,,
3,,
3,,
3,,
3,,
6,,
7,,
5,,
7,,
2,,
3,,
3,,
3,,
4,,
5,,
7,,
6,,
6,,
5,,
3,,
3,,
3,,
3,,
3,,
6,,
5,,
4,,
5,,
9,,
5,,
3,,
3,,
2,,
3,,
5,,
6,,
6,,
5,,
4,,
6,,
3,,
4,,
3,,
4,,
3,,
5,,
5,,
6,,
8,,
7,,
4,,
4,,
10,,
3,,
7,,
10,,
6,,
8,,
6,,
5,,
6,,
6,,
5,,
5,,
3,,
3,,
3,,
3,,
6,,
7,,
6,,
5,,
5,,
3,,
6,,
2,,
3,,
3,,
3,,
7,,
6,,
4,,
5,,
5,,
5,,
4,,
4,,
3,,
2,,
3,,
3,,
2,,
5,,
5,,
6,,
6,,
6,,
8,,
3,,
3,,
3,,
3,,
4,,
4,,
3,,
6,,
5,,
6,,
6,,
6,,
7,,
7,,
5,,
3,,
3,,
3,,
3,,
7,,
3,,
5,,
5,,
5,,
5,,
7,,
6,,
5,,
3,,
3,,
5,,
3,,
2,,
4,,
3,,
5,,
4,,
5,,
5,,
4,,
7,,
5,,
7,,
9,,
6,,
5,,
2,,
4,,
3,,
4,,
6,,
8,,
7,,
6,,
6,,
5,,
5,,
6,,
3,,
3,,
2,,
3,,
3,,
2,,
3,,
3,,
6,,
6,,
5,,
5,,
5,,
5,,
10,,
5,,
2,,
3,,
4,,
3,,
3,,
3,,
3,,
5,,
4,,
5,,
7,,
5,,
5,,
4,,
7,,
5,,
5,,
4,,
2,,
3,,
3,,
5,,
3,,
3,,
3,,
3,,
5,,
5,,
5,,
6,,
5,,
4,,
6,,
5,,
5,,
3,,
3,,
3,,
2,,
3,,
10,,
4,,
3,,
3,,
4,,
5,,
5,,
5,,
6,,
5,,
5,,
6,,
5,,
7,,
3,,
2,,
3,,
3,,
2,,
2,,
3,,
4,,
3,,
3,,
4,,
8,,
4,,
5,,
5,,
4,,
6,,
6,,
5,,
5,,
4,,
3,,
3,,
2,,
5,,
3,,
5,,
2,,
3,,
2,,
3,,
4,,
6,,
7,,
9,,
7,,
5,,
5,,
7,,
5,,
5,,
6,,
3,,
3,,
3,,
8,,
2,,
3,,
3,,
4,,
2,,
3,,
3,,
5,,
6,,
6,,
5,,
6,,
4,,
4,,
7,,
5,,
5,,
5,,
5,,
3,,
8,,
4,,
3,,
3,,
3,,
3,,
3,,
3,,
3,,
2,,
5,,
4,,
5,,
4,,
4,,
5,,
5,,
7,,
5,,
5,,
5,,
4,,
5,,
3,,
3,,
4,,
5,,
5,,
3,,
3,,
4,,
5,,
3,,
4,,
4,,
3,,
5,,
8,,
5,,
4,,
6,,
4,,
5,,
5,,
7,,
4,,
6,,
5,,
4,,
3,,
5,,
4,,
3,,
3,,
4,,
3,,
2,,
3,,
3,,
5,,
3,,
4,,
3,,
6,,
5,,
5,,
4,,
6,,
6,,
6,,
5,,
4,,
5,,
4,,
6,,
5,,
6,,
2,,
2,,
3,,
2,,
4,,
3,,
3,,
3,,
4,,
3,,
3,,
3,,
3,,
3,,
3,,
4,,
5,,
5,,
5,,
5,,
6,,
4,,
5,,
8,,
5,,
12,,
7,,
6,,
6,,
5,,
6,,
3,,
3,,
2,,
2,,
4,,
4,,
3,,
6,,
5,,
7,,
3,,
3,,
7,,
6,,
5,,
4,,
5,,
6,,
6,,
5,,
20,,
5,,
5,,
5,,
6,,
5,,
6,,
6,,
5,,
5,,
5,,
7,,
5,,
3,,
5,,
3,,
3,,
3,,
6,,
4,,
4,,
3,,
3,,
4,,
3,,
3,,
3,,
4,,
2,,
3,,
5,,
4,,
6,,
5,,
5,,
7,,
6,,
4,,
6,,
5,,
5,,
5,,
5,,
4,,
6,,
5,,
5,,
6,,
4,,
2,,
3,,
3,,
4,,
4,,
2,,
2,,
3,,
3,,
3,,
2,,
3,,
4,,
3,,
3,,
3,,
5,,
3,,
3,,
4,,
7,,
6,,
5,,
6,,
4,,
5,,
8,,
10,,
5,,
5,,
7,,
6,,
6,,
5,,
5,,
5,,
5,,
6,,
5,,
4,,
3,,
3,,
3,,
4,,
3,,
2,,
3,,
3,,
3,,
2,,
3,,
4,,
4,,
3,,
3,,
3,,
3,,
3,,
5,,
3,,
5,,
6,,
4,,
5,,
5,,
5,,
5,,
6,,
7,,
5,,
6,,
5,,
4,,
6,,
6,,
5,,
5,,
6,,
5,,
5,,
7,,
6,,
2,,
3,,
2,,
3,,
3,,
2,,
3,,
3,,
3,,
3,,
3,,
3,,
3,,
2,,
3,,
3,,
3,,
3,,
3,,
3,,
3,,
2,,
2,,
5,,
5,,
4,,
5,,
6,,
6,,
5,,
6,,
6,,
5,,
5,,
5,,
5,,
5,,
10,,
7,,
7,,
6,,
5,,
6,,
5,,
6,,
5,,
5,,
3,,
3,,
3,,
3,,
3,,
3,,
3,,
3,,
3,,
2,,
3,,
2,,
3,,
3,,
2,,
2,,
2,,
3,,
2,,
3,,
2,,
5,,
3,,
3,,
3,,
3,,
4,,
4,,
5,,
4,,
4,,
5,,
5,,
5,,
4,,
4,,
4,,
4,,
5,,
5,,
4,,
4,,
5,,
5,,
5,,
4,,
5,,
5,,
5,,
5,,
4,,
4,,
4,,
4,,
3,,
3,,
2,,
3,,
2,,
2,,
2,,
3,,
2,,
2,,
2,,
2,,
3,,
3,,
2,,
2,,
3,,
3,,
3,,
3,,
4,,
3,,
3,,
2,,
2,,
3,,
2,,
2,,
2,,
5,,
4,,
5,,
5,,
4,,
4,,
4,,
4,,
4,,
4,,
4,,
6,,
4,,
4,,
4,,
5,,
4,,
4,,
4,,
4,,
4,,
5,,
4,,
4,,
4,,
7,,
5,,
4,,
4,,
4,,
4,,
3,,
2,,
3,,
3,,
3,,
3,,
2,,
2,,
2,,
2,,
2,,
3,,
2,,
2,,
3,,
3,,
5,,
2,,
3,,
3,,
2,,
3,,
3,,
2,,
2,,
2,,
2,,
3,,
2,,
2,,
3,,
2,,
2,,
4,,
6,,
5,,
4,,
3,,
4,,
4,,
4,,
5,,
5,,
5,,
3,,
4,,
4,,
4,,
4,,
6,,
7,,
7,,
7,,
5,,
4,,
4,,
5,,
5,,
4,,
3,,
4,,
4,,
4,,
4,,
4,,
17,,
5,,
6,,
4,,
3,,
2,,
2,,
2,,
3,,
2,,
3,,
3,,
3,,
3,,
3,,
3,,
2,,
6,,
3,,
3,,
2,,
2,,
3,,
3,,
2,,
3,,
2,,
2,,
2,,
3,,
3,,
3,,
3,,
2,,
5,,
3,,
3,,
3,,
3,,
3,,
6,,
8,,
10,,
7,,
6,,
6,,
4,,
4,,
4,,
6,,
21,,
9,,
5,,
5,,
4,,
4,,
4,,
6,,
9,,
6,,
5,,
5,,
6,,
5,,
4,,
4,,
4,,
5,,
4,,
6,,
4,,
4,,
8,,
5,,
5,,
4,,
6,,
4,,
5,,
4,,
4,,
2,,
3,,
2,,
2,,
2,,
2,,
3,,
3,,
2,,
2,,
2,,
2,,
2,,
2,,
2,,
2,,
5,,
6,,
4,,
3,,
3,,
2,,
3,,
3,,
3,,
3,,
3,,
2,,
2,,
2,,
2,,
3,,
3,,
2,,
3,,
2,,
2,,
2,,
3,,
2,,
2,,
2,,
3,,
2,,
5,,
4,,
4,,
4,,
4,,
4,,
4,,
5,,
4,,
4,,
4,,
4,,
5,,
4,,
7,,
5,,
6,,
5,,
5,,
6,,
6,,
4,,
5,,
5,,
4,,
4,,
5,,
4,,
4,,
4,,
5,,
5,,
4,,
5,,
4,,
4,,
3,,
4,,
5,,
3,,
4,,
4,,
4,,
5,,
4,,
4,,
5,,
3,,
3,,
2,,
3,,
2,,
2,,
3,,
3,,
2,,
2,,
2,,
2,,
2,,
2,,
3,,
2,,
3,,
3,,
2,,
2,,
3,,
2,,
2,,
3,,
2,,
3,,
3,,
2,,
2,,
3,,
2,,
3,,
2,,
2,,
3,,
3,,
2,,
3,,
3,,
3,,
3,,
2,,
3,,
2,,
2,,
3,,
3,,
2,,
2,,
2,,
2,,
3,,
4,,
5,,
4,,
4,,
4,,
4,,
4,,
4,,
5,,
5,,
5,,
5,,
4,,
4,,
4,,
4,,
6,,
4,,
4,,
4,,
4,,
4,,
4,,
4,,
4,,
5,,
4,,
5,,
4,,
4,,
4,,
3,,
5,,
4,,
4,,
4,,
3,,
5,,
4,,
6,,
4,,
4,,
5,,
4,,
5,,
5,,
4,,
4,,
4,,
11,,
6,,
4,,
5,,
4,,
4,,
4,,
15,,
3,,
3,,
3,,
3,,
3,,
5,,
2,,
2,,
2,,
2,,
3,,
3,,
2,,
2,,
3,,
3,,
3,,
3,,
2,,
2,,
3,,
2,,
2,,
2,,
2,,
2,,
2,,
2,,
3,,
2,,
3,,
3,,
2,,
3,,
3,,
2,,
5,,
3,,
2,,
3,,
3,,
3,,
3,,
3,,
3,,
4,,
2,,
3,,
3,,
3,,
2,,
3,,
3,,
3,,
2,,
3,,
2,,
2,,
2,,
2,,
3,,
3,,
3,,
4,,
9,,
4,,
4,,
4,,
4,,
4,,
6,,
5,,
4,,
5,,
4,,
4,,
4,,
4,,
4,,
6,,
4,,
4,,
4,,
4,,
3,,
4,,
3,,
5,,
5,,
6,,
4,,
5,,
5,,
4,,
6,,
4,,
4,,
4,,
4,,
5,,
4,,
4,,
4,,
4,,
4,,
5,,
4,,
4,,
5,,
4,,
5,,
4,,
4,,
4,,
5,,
5,,
4,,
4,,
4,,
4,,
4,,
5,,
4,,
5,,
5,,
4,,
4,,
5,,
4,,
5,,
4,,
4,,
2,,
3,,
2,,
2,,
2,,
2,,
2,,
2,,
3,,
3,,
3,,
2,,
3,,
2,,
2,,
2,,
3,,
3,,
2,,
2,,
3,,
2,,
2,,
2,,
3,,
2,,
3,,
2,,
2,,
2,,
3,,
2,,
2,,
3,,
2,,
3,,
2,,
2,,
2,,
3,,
3,,
3,,
3,,
3,,
3,,
2,,
6,,
3,,
3,,
2,,
2,,
2,,
2,,
2,,
3,,
2,,
3,,
3,,
3,,
2,,
2,,
3,,
2,,
3,,
3,,
3,,
2,,
3,,
3,,
2,,
3,,
3,,
5,,
3,,
2,,
3,,
3,,
3,,
5,,
5,,
4,,
4,,
6,,
4,,
4,,
4,,
4,,
6,,
5,,
5,,
5,,
5,,
4,,
4,,
4,,
5,,
5,,
5,,
5,,
4,,
4,,
4,,
4,,
4,,
5,,
5,,
4,,
5,,
5,,
4,,
4,,
4,,
4,,
4,,
3,,
4,,
5,,
4,,
5,,
4,,
6,,
5,,
4,,
4,,
5,,
4,,
4,,
4,,
4,,
5,,
5,,
4,,
4,,
3,,
7,,
5,,
4,,
7,,
8,,
5,,
4,,
4,,
4,,
4,,
6,,
4,,
6,,
7,,
6,,
6,,
6,,
6,,
5,,
5,,
5,,
4,,
4,,
3,,
5,,
4,,
4,,
4,,
4,,
4,,
4,,
3,,
2,,
2,,
3,,
2,,
2,,
3,,
2,,
2,,
2,,
3,,
3,,
2,,
3,,
3,,
3,,
2,,
2,,
2,,
4,,
3,,
3,,
3,,
3,,
3,,
2,,
2,,
2,,
3,,
3,,
3,,
3,,
2,,
2,,
2,,
2,,
2,,
2,,
2,,
3,,
3,,
2,,
3,,
3,,
3,,
3,,
2,,
3,,
3,,
3,,
3,,
4,,
2,,
2,,
2,,
2,,
2,,
3,,
2,,
2,,
3,,
2,,
3,,
3,,
3,,
3,,
2,,
2,,
2,,
2,,
2,,
3,,
2,,
3,,
3,,
2,,
2,,
2,,
3,,
2,,
2,,
2,,
2,,
4,,
5,,
2,,
2,,
2,,
2,,
2,,
2,,
2,,
2,,
2,,
3,,
2,,
2,,
2,,
2,,
2,,
2,,
4,,
5,,
4,,
4,,
4,,
4,,
5,,
4,,
5,,
5,,
5,,
4,,
4,,
4,,
4,,
5,,
5,,
5,,
5,,
13,,
4,,
5,,
4,,
5,,
5,,
4,,
5,,
4,,
4,,
5,,
4,,
6,,
6,,
5,,
5,,
5,,
4,,
8,,
4,,
4,,
4,,
4,,
4,,
4,,
4,,
4,,
5,,
4,,
6,,
4,,
4,,
4,,
5,,
5,,
5,,
4,,
4,,
4,,
4,,
5,,
4,,
6,,
4,,
4,,
4,,
5,,
4,,
4,,
7,,
4,,
4,,
5,,
4,,
5,,
4,,
4,,
5,,
5,,
5,,
4,,
4,,
4,,
4,,
4,,
6,,
4,,
4,,
4,,
4,,
4,,
4,,
4,,
4,,
4,,
4,,
4,,
5,,
4,,
5,,
4,,
6,,
5,,
4,,
4,,
5,,
4,,
4,,
5,,
4,,
4,,
4,,
4,,
4,,
5,,
5,,
2,,
2,,
2,,
3,,
3,,
3,,
3,,
2,,
3,,
2,,
3,,
3,,
3,,
2,,
3,,
3,,
4,,
2,,
3,,
2,,
3,,
2,,
2,,
2,,
2,,
3,,
2,,
2,,
2,,
2,,
2,,
2,,
2,,
2,,
2,,
3,,
3,,
3,,
4,,
4,,
2,,
2,,
2,,
3,,
2,,
2,,
3,,
2,,
3,,
2,,
3,,
2,,
3,,
2,,
3,,
3,,
3,,
3,,
3,,
2,,
3,,
2,,
2,,
3,,
4,,
3,,
3,,
3,,
2,,
2,,
3,,
3,,
3,,
2,,
2,,
2,,
2,,
3,,
4,,
2,,
3,,
2,,
3,,
3,,
2,,
2,,
2,,
2,,
2,,
2,,
2,,
2,,
2,,
2,,
3,,
2,,
2,,
5,,
3,,
2,,
3,,
3,,
3,,
2,,
3,,
2,,
2,,
2,,
3,,
2,,
2,,
2,,
2,,
3,,
2,,
3,,
2,,
4,,
2,,
2,,
3,,
2,,
2,,
2,,
2,,
2,,
2,,
2,,
2,,
2,,
2,,
2,,
3,,
2,,
3,,
3,,
2,,
4,,
4,,
4,,
4,,
5,,
4,,
5,,
5,,
4,,
5,,
5,,
5,,
4,,
5,,
4,,
4,,
4,,
3,,
4,,
5,,
4,,
4,,
4,,
5,,
8,,
4,,
5,,
4,,
4,,
5,,
4,,
4,,
5,,
4,,
4,,
5,,
4,,
4,,
4,,
5,,
5,,
4,,
4,,
4,,
4,,
4,,
4,,
4,,
4,,
5,,
4,,
4,,
4,,
5,,
6,,
4,,
5,,
5,,
4,,
4,,
4,,
4,,
4,,
4,,
4,,
5,,
4,,
4,,
5,,
4,,
3,,
5,,
5,,
5,,
5,,
5,,
4,,
5,,
4,,
4,,
5,,
5,,
4,,
5,,
4,,
5,,
4,,
5,,
7,,
5,,
4,,
4,,
5,,
4,,
4,,
18,,
4,,
5,,
4,,
4,,
4,,
4,,
4,,
5,,
4,,
4,,
4,,
5,,
4,,
3,,
4,,
5,,
6,,
7,,
5,,
4,,
4,,
4,,
5,,
4,,
4,,
5,,
6,,
5,,
4,,
5,,
15,,
7,,
5,,
5,,
4,,
4,,
4,,
11,,
4,,
5,,
6,,
5,,
4,,
14,,
6,,
6,,
4,,
4,,
4,,
5,,
4,,
5,,
5,,
4,,
5,,
5,,
10,,
9,,
4,,
4,,
4,,
4,,
4,,
7,,
5,,
2,,
2,,
2,,
2,,
3,,
3,,
2,,
3,,
3,,
3,,
2,,
2,,
3,,
5,,
3,,
3,,
3,,
5,,
3,,
3,,
2,,
3,,
2,,
3,,
3,,
3,,
3,,
3,,
2,,
2,,
2,,
3,,
2,,
2,,
2,,
3,,
3,,
2,,
3,,
3,,
3,,
2,,
2,,
2,,
2,,
3,,
2,,
3,,
2,,
3,,
2,,
2,,
2,,
3,,
2,,
2,,
2,,
2,,
3,,
3,,
2,,
2,,
3,,
3,,
3,,
3,,
3,,
2,,
3,,
2,,
2,,
2,,
3,,
3,,
3,,
3,,
3,,
3,,
3,,
2,,
3,,
2,,
2,,
2,,
3,,
2,,
2,,
2,,
3,,
2,,
3,,
2,,
2,,
2,,
2,,
2,,
2,,
3,,
3,,
2,,
3,,
3,,
3,,
3,,
2,,
3,,
2,,
3,,
2,,
3,,
2,,
2,,
2,,
2,,
3,,
2,,
2,,
2,,
3,,
2,,
2,,
3,,
2,,
3,,
2,,
3,,
3,,
3,,
2,,
2,,
2,,
2,,
3,,
2,,
3,,
2,,
3,,
2,,
3,,
2,,
3,,
2,,
2,,
2,,
3,,
3,,
3,,
2,,
2,,
3,,
2,,
3,,
2,,
3,,
2,,
4,,
3,,
3,,
2,,
3,,
3,,
4,,
3,,
3,,
2,,
2,,
2,,
3,,
2,,
2,,
2,,
2,,
2,,
2,,
2,,
2,,
2,,
2,,
2,,
2,,
3,,
2,,
2,,
3,,
3,,
2,,
2,,
2,,
3,,
3,,
3,,
2,,
2,,
2,,
2,,
3,,
4,,
3,,
3,,
3,,
2,,
4,,
4,,
4,,
6,,
5,,
4,,
4,,
4,,
4,,
4,,
5,,
5,,
5,,
4,,
4,,
4,,
5,,
8,,
4,,
4,,
5,,
5,,
4,,
5,,
4,,
5,,
5,,
4,,
4,,
4,,
4,,
5,,
4,,
8,,
4,,
4,,
3,,
5,,
5,,
4,,
4,,
9,,
5,,
4,,
4,,
5,,
4,,
4,,
4,,
5,,
5,,
16,,
6,,
6,,
4,,
4,,
4,,
4,,
5,,
5,,
4,,
21,,
5,,
5,,
6,,
4,,
4,,
4,,
4,,
4,,
4,,
4,,
5,,
4,,
4,,
4,,
4,,
4,,
6,,
5,,
5,,
5,,
4,,
5,,
4,,
5,,
9,,
4,,
4,,
4,,
4,,
4,,
3,,
8,,
6,,
5,,
5,,
4,,
4,,
4,,
4,,
4,,
5,,
4,,
4,,
4,,
5,,
4,,
4,,
4,,
4,,
5,,
5,,
5,,
4,,
4,,
5,,
5,,
4,,
5,,
4,,
4,,
4,,
4,,
5,,
4,,
4,,
5,,
4,,
4,,
4,,
4,,
5,,
5,,
4,,
4,,
5,,
4,,
4,,
5,,
4,,
4,,
4,,
4,,
5,,
5,,
5,,
4,,
5,,
5,,
5,,
5,,
4,,
4,,
4,,
5,,
5,,
4,,
5,,
5,,
5,,
4,,
4,,
4,,
5,,
4,,
4,,
6,,
4,,
4,,
4,,
4,,
4,,
5,,
5,,
4,,
4,,
4,,
4,,
4,,
4,,
6,,
6,,
4,,
4,,
4,,
4,,
4,,
5,,
5,,
4,,
4,,
5,,
4,,
4,,
4,,
4,,
6,,
5,,
4,,
5,,
4,,
5,,
4,,
6,,
4,,
5,,
7,,
4,,
4,,
4,,
4,,
4,,
6,,
5,,
5,,
4,,
4,,
4,,
4,,
5,,
4,,
4,,
3,,
5,,
4,,
4,,
6,,
4,,
4,,
6,,
5,,
5,,
4,,
5,,
4,,
4,,
5,,
4,,
5,,
4,,
4,,
7,,
5,,
5,,
5,,
7,,
6,,
5,,
5,,
5,,
3,,
4,,
3,,
3,,
2,,
2,,
2,,
3,,
2,,
3,,
2,,
2,,
3,,
3,,
3,,
2,,
2,,
2,,
3,,
3,,
3,,
3,,
3,,
3,,
3,,
2,,
3,,
2,,
3,,
3,,
2,,
3,,
3,,
3,,
3,,
3,,
3,,
2,,
2,,
3,,
2,,
2,,
3,,
3,,
2,,
2,,
2,,
2,,
3,,
2,,
3,,
2,,
2,,
2,,
3,,
2,,
2,,
2,,
3,,
2,,
2,,
3,,
2,,
2,,
3,,
2,,
3,,
3,,
2,,
3,,
3,,
2,,
2,,
3,,
2,,
3,,
3,,
3,,
3,,
3,,
2,,
3,,
2,,
3,,
3,,
2,,
2,,
2,,
2,,
2,,
2,,
3,,
2,,
3,,
3,,
3,,
3,,
3,,
2,,
3,,
3,,
2,,
3,,
3,,
3,,
2,,
2,,
2,,
2,,
3,,
2,,
2,,
2,,
3,,
3,,
3,,
2,,
2,,
3,,
3,,
2,,
2,,
2,,
2,,
3,,
3,,
2,,
2,,
2,,
3,,
2,,
3,,
3,,
2,,
3,,
2,,
2,,
2,,
2,,
2,,
3,,
3,,
2,,
2,,
2,,
2,,
2,,
3,,
2,,
3,,
3,,
3,,
2,,
2,,
2,,
3,,
2,,
2,,
2,,
2,,
3,,
3,,
4,,
3,,
2,,
2,,
3,,
2,,
3,,
2,,
2,,
2,,
2,,
2,,
2,,
2,,
3,,
3,,
2,,
3,,
2,,
2,,
3,,
3,,
2,,
2,,
2,,
2,,
2,,
2,,
2,,
5,,
2,,
3,,
3,,
2,,
2,,
3,,
3,,
2,,
2,,
3,,
2,,
3,,
2,,
2,,
2,,
3,,
2,,
2,,
2,,
2,,
2,,
2,,
2,,
2,,
2,,
3,,
2,,
2,,
3,,
3,,
3,,
3,,
2,,
2,,
3,,
2,,
2,,
3,,
2,,
2,,
2,,
2,,
2,,
2,,
3,,
2,,
2,,
2,,
2,,
2,,
3,,
2,,
2,,
3,,
2,,
3,,
2,,
3,,
2,,
3,,
2,,
3,,
3,,
2,,
2,,
2,,
3,,
2,,
2,,
3,,
2,,
3,,
2,,
2,,
2,,
2,,
2,,
3,,
2,,
3,,
2,,
2,,
2,,
3,,
2,,
3,,
2,,
2,,
2,,
2,,
2,,
2,,
3,,
2,,
2,,
3,,
2,,
3,,
3,,
2,,
3,,
2,,
3,,
2,,
2,,
2,,
3,,
2,,
3,,
2,,
2,,
3,,
3,,
3,,
2,,
2,,
2,,
2,,
2,,
3,,
3,,
2,,
2,,
2,,
3,,
2,,
3,,
2,,
2,,
3,,
2,,
2,,
2,,
2,,
2,,
3,,
3,,
2,,
2,,
2,,
2,,
3,,
3,,
2,,
3,,
2,,
2,,
2,,
2,,
2,,
4,,
4,,
4,,
4,,
5,,
5,,
4,,
4,,
3,,
4,,
4,,
4,,
7,,
4,,
4,,
4,,
4,,
3,,
4,,
5,,
8,,
5,,
4,,
5,,
5,,
4,,
4,,
5,,
4,,
11,,
4,,
4,,
4,,
6,,
5,,
5,,
5,,
5,,
5,,
4,,
5,,
5,,
8,,
10,,
9,,
8,,
7,,
5,,
10,,
5,,
9,,
6,,
5,,
6,,
4,,
5,,
5,,
6,,
4,,
5,,
4,,
4,,
11,,
5,,
5,,
5,,
5,,
5,,
4,,
7,,
6,,
6,,
5,,
4,,
4,,
4,,
4,,
4,,
4,,
5,,
4,,
7,,
5,,
6,,
6,,
5,,
4,,
4,,
4,,
4,,
4,,
4,,
4,,
5,,
3,,
4,,
4,,
4,,
6,,
4,,
4,,
4,,
5,,
4,,
4,,
4,,
6,,
5,,
5,,
4,,
5,,
4,,
5,,
6,,
5,,
4,,
4,,
4,,
4,,
4,,
4,,
4,,
4,,
4,,
4,,
5,,
4,,
5,,
5,,
5,,
5,,
5,,
4,,
4,,
4,,
4,,
5,,
5,,
4,,
5,,
4,,
5,,
4,,
4,,
5,,
5,,
5,,
5,,
4,,
5,,
4,,
4,,
4,,
9,,
5,,
4,,
4,,
4,,
4,,
4,,
4,,
5,,
5,,
5,,
5,,
4,,
5,,
4,,
4,,
5,,
4,,
4,,
4,,
4,,
4,,
4,,
4,,
5,,
4,,
3,,
4,,
4,,
5,,
4,,
5,,
6,,
4,,
5,,
4,,
4,,
4,,
4,,
4,,
7,,
5,,
4,,
5,,
4,,
5,,
5,,
5,,
5,,
5,,
5,,
4,,
4,,
4,,
5,,
4,,
5,,
3,,
4,,
4,,
9,,
4,,
4,,
6,,
4,,
4,,
4,,
5,,
5,,
4,,
4,,
6,,
4,,
8,,
6,,
6,,
5,,
4,,
7,,
4,,
4,,
5,,
4,,
3,,
4,,
4,,
6,,
5,,
5,,
4,,
5,,
4,,
6,,
6,,
5,,
4,,
4,,
4,,
5,,
5,,
4,,
4,,
4,,
4,,
4,,
4,,
4,,
9,,
5,,
5,,
5,,
4,,
5,,
4,,
5,,
5,,
4,,
5,,
4,,
4,,
4,,
5,,
4,,
8,,
5,,
4,,
4,,
4,,
5,,
4,,
5,,
5,,
5,,
4,,
4,,
4,,
4,,
4,,
4,,
5,,
5,,
4,,
5,,
5,,
4,,
4,,
4,,
5,,
4,,
4,,
4,,
4,,
4,,
4,,
4,,
4,,
5,,
4,,
5,,
4,,
4,,
8,,
5,,
4,,
4,,
5,,
4,,
4,,
4,,
5,,
4,,
4,,
4,,
4,,
4,,
4,,
6,,
4,,
6,,
4,,
5,,
5,,
4,,
4,,
6,,
7,,
5,,
4,,
5,,
5,,
7,,
5,,
4,,
5,,
5,,
4,,
5,,
4,,
4,,
5,,
4,,
4,,
4,,
4,,
5,,
5,,
5,,
5,,
5,,
5,,
5,,
5,,
5,,
4,,
5,,
5,,
4,,
4,,
4,,
5,,
5,,
5,,
4,,
4,,
6,,
5,,
4,,
5,,
4,,
5,,
6,,
5,,
4,,
5,,
4,,
5,,
4,,
4,,
4,,
6,,
4,,
4,,
5,,
4,,
5,,
5,,
4,,
5,,
4,,
4,,
4,,
4,,
4,,
4,,
4,,
4,,
5,,
4,,
4,,
5,,
8,,
5,,
7,,
5,,
4,,
6,,
5,,
4,,
6,,
4,,
5,,
4,,
10,,
5,,
7,,
7,,
6,,
11,,
8,,
4,,
4,,
4,,
4,,
4,,
5,,
5,,
4,,
4,,
4,,
5,,
5,,
4,,
4,,
4,,
4,,
4,,
5,,
5,,
4,,
5,,
4,,
4,,
4,,
4,,
4,,
5,,
7,,
5,,
4,,
4,,
5,,
4,,
5,,
5,,
5,,
5,,
4,,
4,,
4,,
4,,
4,,
6,,
4,,
5,,
2,,
3,,
3,,
2,,
2,,
3,,
2,,
2,,
2,,
2,,
2,,
2,,
2,,
3,,
3,,
2,,
2,,
2,,
3,,
3,,
2,,
2,,
3,,
3,,
2,,
2,,
3,,
3,,
3,,
2,,
3,,
3,,
3,,
3,,
3,,
2,,
3,,
2,,
3,,
3,,
3,,
3,,
2,,
2,,
3,,
3,,
4,,
2,,
3,,
3,,
2,,
2,,
2,,
2,,
2,,
2,,
3,,
2,,
2,,
2,,
3,,
4,,
3,,
5,,
2,,
2,,
2,,
3,,
2,,
2,,
3,,
3,,
3,,
5,,
2,,
2,,
2,,
3,,
3,,
2,,
2,,
2,,
2,,
2,,
2,,
2,,
2,,
3,,
3,,
3,,
2,,
3,,
3,,
3,,
3,,
2,,
3,,
2,,
2,,
2,,
3,,
2,,
3,,
2,,
2,,
3,,
3,,
2,,
2,,
2,,
2,,
3,,
2,,
2,,
2,,
2,,
2,,
2,,
3,,
2,,
2,,
3,,
3,,
3,,
2,,
2,,
3,,
3,,
3,,
3,,
2,,
3,,
2,,
2,,
2,,
2,,
2,,
4,,
3,,
3,,
3,,
3,,
3,,
2,,
3,,
2,,
3,,
3,,
3,,
2,,
3,,
3,,
2,,
2,,
2,,
3,,
3,,
3,,
2,,
3,,
2,,
3,,
3,,
2,,
3,,
2,,
2,,
2,,
2,,
2,,
2,,
2,,
3,,
2,,
3,,
2,,
3,,
2,,
2,,
2,,
3,,
2,,
2,,
2,,
3,,
3,,
2,,
2,,
2,,
2,,
2,,
3,,
2,,
3,,
2,,
3,,
2,,
2,,
3,,
3,,
2,,
2,,
2,,
2,,
2,,
3,,
3,,
3,,
3,,
3,,
3,,
3,,
3,,
2,,
3,,
3,,
2,,
2,,
2,,
3,,
3,,
2,,
2,,
2,,
3,,
2,,
3,,
4,,
3,,
2,,
2,,
2,,
2,,
3,,
2,,
2,,
2,,
2,,
3,,
3,,
2,,
2,,
2,,
3,,
3,,
3,,
2,,
2,,
3,,
2,,
2,,
2,,
2,,
2,,
2,,
2,,
2,,
5,,
3,,
3,,
3,,
3,,
2,,
3,,
2,,
2,,
2,,
2,,
2,,
3,,
3,,
3,,
2,,
5,,
4,,
2,,
3,,
3,,
2,,
3,,
2,,
2,,
2,,
2,,
2,,
2,,
4,,
2,,
4,,
5,,
3,,
2,,
3,,
2,,
2,,
2,,
3,,
3,,
3,,
2,,
3,,
3,,
2,,
3,,
2,,
3,,
2,,
2,,
2,,
2,,
3,,
2,,
2,,
2,,
3,,
3,,
3,,
3,,
3,,
3,,
3,,
2,,
3,,
3,,
3,,
2,,
2,,
2,,
3,,
2,,
3,,
3,,
2,,
2,,
2,,
3,,
3,,
5,,
2,,
3,,
3,,
2,,
2,,
3,,
2,,
2,,
2,,
2,,
2,,
2,,
2,,
2,,
3,,
3,,
2,,
2,,
3,,
2,,
3,,
3,,
2,,
2,,
2,,
2,,
2,,
2,,
3,,
2,,
2,,
2,,
2,,
2,,
3,,
2,,
3,,
4,,
3,,
3,,
2,,
2,,
2,,
3,,
2,,
3,,
3,,
2,,
4,,
2,,
3,,
3,,
2,,
2,,
3,,
2,,
2,,
2,,
3,,
2,,
3,,
3,,
2,,
2,,
2,,
2,,
2,,
3,,
2,,
2,,
2,,
3,,
2,,
2,,
2,,
3,,
2,,
2,,
2,,
2,,
2,,
2,,
2,,
2,,
3,,
2,,
3,,
2,,
3,,
3,,
2,,
3,,
2,,
3,,
3,,
2,,
2,,
2,,
2,,
2,,
2,,
2,,
3,,
2,,
2,,
2,,
2,,
3,,
2,,
2,,
2,,
2,,
3,,
3,,
2,,
2,,
2,,
3,,
2,,
2,,
2,,
2,,
3,,
3,,
2,,
2,,
3,,
3,,
2,,
2,,
3,,
2,,
2,,
2,,
2,,
3,,
2,,
2,,
3,,
3,,
2,,
2,,
2,,
2,,
2,,
2,,
2,,
4,,
2,,
3,,
3,,
3,,
3,,
2,,
2,,
3,,
3,,
2,,
3,,
2,,
2,,
2,,
3,,
2,,
2,,
3,,
2,,
3,,
2,,
2,,
3,,
3,,
3,,
3,,
2,,
2,,
2,,
2,,
2,,
3,,
2,,
3,,
3,,
2,,
2,,
3,,
3,,
3,,
3,,
2,,
2,,
2,,
2,,
2,,
2,,
2,,
2,,
2,,
2,,
2,,
3,,
5,,
2,,
2,,
2,,
2,,
2,,
3,,
2,,
3,,
2,,
3,,
2,,
2,,
3,,
3,,
3,,
3,,
3,,
2,,
2,,
3,,
2,,
2,,
2,,
2,,
2,,
2,,
3,,
2,,
3,,
3,,
4,,
3,,
2,,
2,,
2,,
2,,
3,,
3,,
2,,
2,,
2,,
3,,
2,,
3,,
2,,
3,,
2,,
2,,
2,,
2,,
2,,
2,,
3,,
3,,
2,,
2,,
2,,
2,,
2,,
2,,
2,,
2,,
3,,
4,,
3,,
3,,
2,,
2,,
2,,
3,,
2,,
3,,
3,,
2,,
2,,
2,,
2,,
3,,
2,,
2,,
3,,
3,,
2,,
2,,
2,,
2,,
2,,
2,,
2,,
3,,
2,,
2,,
3,,
3,,
2,,
2,,
3,,
3,,
2,,
3,,
2,,
2,,
2,,
2,,
2,,
2,,
2,,
2,,
2,,
2,,
2,,
3,,
2,,
3,,
2,,
4,,
2,,
2,,
2,,
2,,
3,,
4,,
3,,
5,,
3,,
2,,
3,,
3,,
2,,
2,,
3,,
2,,
3,,
2,,
3,,
3,,
2,,
3,,
3,,
2,,
3,,
3,,
2,,
2,,
3,,
2,,
3,,
2,,
2,,
3,,
2,,
2,,
3,,
2,,
3,,
3,,
2,,
2,,
2,,
2,,
2,,
2,,
3,,
3,,
2,,
3,,
4,,
2,,
3,,
3,,
2,,
2,,
2,,
2,,
2,,
3,,
3,,
3,,
3,,
3,,
3,,
3,,
2,,
2,,
3,,
3,,
2,,
3,,
2,,
2,,
3,,
2,,
3,,
2,,
2,,
4,,
2,,
3,,
3,,
2,,
2,,
2,,
2,,
2,,
2,,
2,,
2,,
3,,
2,,
2,,
2,,
3,,
3,,
2,,
3,,
2,,
3,,
2,,
3,,
2,,
2,,
3,,
3,,
2,,
2,,
2,,
2,,
3,,
2,,
2,,
4,,
2,,
2,,
2,,
2,,
2,,
2,,
2,,
2,,
3,,
3,,
3,,
3,,
3,,
4,,
2,,
2,,
3,,
3,,
3,,
2,,
2,,
3,,
3,,
2,,
3,,
2,,
3,,
3,,
4,,
2,,
2,,
2,,
3,,
2,,
2,,
2,,
2,,
3,,
2,,
3,,
2,,
2,,
2,,
4,,
4,,
6,,
4,,
4,,
4,,
4,,
4,,
5,,
6,,
5,,
4,,
4,,
4,,
4,,
4,,
4,,
4,,
4,,
4,,
4,,
5,,
12,,
5,,
5,,
6,,
6,,
4,,
4,,
5,,
5,,
8,,
5,,
5,,
8,,
9,,
5,,
6,,
4,,
5,,
4,,
4,,
5,,
3,,
5,,
5,,
5,,
4,,
4,,
5,,
5,,
5,,
5,,
4,,
4,,
4,,
4,,
5,,
4,,
5,,
4,,
5,,
5,,
4,,
4,,
8,,
5,,
5,,
4,,
4,,
5,,
4,,
5,,
5,,
5,,
4,,
4,,
4,,
5,,
6,,
5,,
6,,
5,,
4,,
4,,
4,,
4,,
8,,
5,,
4,,
4,,
5,,
4,,
4,,
6,,
4,,
5,,
5,,
4,,
4,,
4,,
9,,
5,,
4,,
4,,
4,,
4,,
9,,
5,,
4,,
4,,
4,,
6,,
5,,
6,,
4,,
4,,
4,,
4,,
5,,
4,,
4,,
4,,
6,,
6,,
5,,
9,,
5,,
7,,
5,,
5,,
4,,
4,,
4,,
4,,
4,,
4,,
4,,
4,,
6,,
5,,
4,,
4,,
4,,
4,,
5,,
4,,
7,,
5,,
5,,
5,,
5,,
4,,
4,,
5,,
6,,
5,,
4,,
5,,
4,,
4,,
4,,
4,,
4,,
5,,
4,,
4,,
5,,
4,,
4,,
4,,
7,,
4,,
5,,
4,,
5,,
5,,
4,,
4,,
4,,
5,,
4,,
5,,
4,,
3,,
4,,
5,,
6,,
6,,
5,,
4,,
5,,
5,,
4,,
4,,
5,,
4,,
4,,
4,,
5,,
5,,
5,,
5,,
4,,
5,,
4,,
5,,
5,,
4,,
4,,
5,,
7,,
3,,
4,,
4,,
4,,
4,,
4,,
5,,
4,,
5,,
5,,
4,,
4,,
5,,
9,,
5,,
5,,
4,,
5,,
4,,
4,,
5,,
5,,
4,,
4,,
5,,
4,,
5,,
5,,
5,,
4,,
4,,
4,,
4,,
4,,
4,,
4,,
4,,
5,,
4,,
4,,
5,,
5,,
9,,
4,,
4,,
5,,
4,,
4,,
4,,
4,,
4,,
5,,
4,,
4,,
5,,
4,,
5,,
5,,
6,,
5,,
4,,
4,,
4,,
4,,
4,,
7,,
5,,
4,,
4,,
5,,
6,,
7,,
5,,
5,,
4,,
4,,
4,,
4,,
6,,
9,,
5,,
7,,
4,,
5,,
7,,
5,,
5,,
4,,
4,,
4,,
4,,
5,,
5,,
4,,
4,,
4,,
6,,
5,,
4,,
10,,
5,,
5,,
4,,
4,,
4,,
6,,
4,,
4,,
5,,
4,,
5,,
4,,
5,,
4,,
4,,
5,,
4,,
4,,
5,,
4,,
4,,
6,,
5,,
5,,
4,,
4,,
4,,
7,,
4,,
3,,
4,,
5,,
4,,
4,,
5,,
5,,
4,,
4,,
4,,
4,,
4,,
4,,
5,,
4,,
5,,
4,,
4,,
5,,
4,,
5,,
7,,
5,,
4,,
5,,
5,,
5,,
4,,
4,,
4,,
4,,
5,,
4,,
4,,
4,,
5,,
6,,
4,,
4,,
4,,
4,,
19,,
4,,
4,,
4,,
4,,
4,,
4,,
4,,
7,,
5,,
4,,
4,,
4,,
4,,
4,,
6,,
4,,
4,,
4,,
3,,
4,,
4,,
6,,
4,,
4,,
4,,
4,,
4,,
4,,
4,,
4,,
5,,
4,,
4,,
4,,
4,,
5,,
4,,
4,,
4,,
4,,
4,,
3,,
3,,
4,,
4,,
4,,
4,,
4,,
4,,
4,,
5,,
4,,
4,,
4,,
4,,
4,,
5,,
5,,
5,,
4,,
5,,
4,,
5,,
4,,
4,,
4,,
4,,
5,,
3,,
4,,
4,,
4,,
4,,
5,,
5,,
7,,
5,,
4,,
4,,
8,,
4,,
4,,
4,,
9,,
3,,
5,,
11,,
9,,
6,,
5,,
5,,
5,,
5,,
6,,
5,,
5,,
6,,
4,,
4,,
5,,
6,,
7,,
6,,
4,,
4,,
5,,
7,,
4,,
4,,
4,,
4,,
4,,
4,,
4,,
14,,
6,,
5,,
5,,
4,,
4,,
4,,
4,,
4,,
4,,
4,,
5,,
4,,
4,,
5,,
4,,
4,,
5,,
4,,
4,,
5,,
4,,
5,,
5,,
6,,
4,,
4,,
4,,
4,,
4,,
5,,
4,,
4,,
4,,
4,,
4,,
4,,
5,,
5,,
4,,
4,,
5,,
5,,
4,,
5,,
4,,
4,,
4,,
4,,
4,,
4,,
4,,
4,,
6,,
7,,
4,,
4,,
5,,
5,,
4,,
5,,
4,,
4,,
4,,
4,,
4,,
4,,
5,,
7,,
4,,
4,,
4,,
5,,
5,,
4,,
4,,
4,,
4,,
5,,
4,,
4,,
4,,
7,,
4,,
5,,
5,,
4,,
4,,
4,,
5,,
4,,
4,,
4,,
4,,
5,,
6,,
5,,
4,,
4,,
5,,
5,,
4,,
4,,
4,,
4,,
4,,
4,,
5,,
4,,
4,,
5,,
3,,
4,,
4,,
5,,
4,,
4,,
5,,
4,,
5,,
4,,
4,,
4,,
5,,
4,,
4,,
5,,
4,,
5,,
4,,
5,,
4,,
4,,
4,,
6,,
5,,
5,,
4,,
4,,
4,,
4,,
4,,
4,,
4,,
4,,
4,,
5,,
5,,
4,,
22,,
5,,
4,,
4,,
5,,
4,,
5,,
19,,
6,,
7,,
4,,
5,,
7,,
8,,
6,,
5,,
10,,
5,,
7,,
6,,
5,,
5,,
6,,
9,,
7,,
6,,
6,,
6,,
5,,
5,,
6,,
4,,
9,,
6,,
5,,
4,,
6,,
6,,
6,,
5,,
4,,
5,,
4,,
4,,
6,,
5,,
5,,
4,,
4,,
4,,
4,,
7,,
4,,
4,,
5,,
4,,
4,,
5,,
4,,
5,,
5,,
4,,
3,,
5,,
5,,
4,,
4,,
4,,
4,,
4,,
4,,
4,,
4,,
4,,
6,,
4,,
4,,
4,,
4,,
4,,
4,,
5,,
5,,
4,,
4,,
4,,
5,,
5,,
4,,
5,,
5,,
4,,
5,,
4,,
4,,
4,,
5,,
4,,
4,,
4,,
5,,
4,,
4,,
4,,
6,,
5,,
5,,
3,,
4,,
4,,
5,,
4,,
4,,
4,,
4,,
4,,
4,,
5,,
5,,
5,,
4,,
5,,
4,,
4,,
3,,
17,,
4,,
4,,
4,,
4,,
4,,
4,,
5,,
4,,
4,,
6,,
5,,
5,,
5,,
4,,
4,,
3,,
5,,
4,,
4,,
4,,
5,,
4,,
4,,
4,,
4,,
5,,
4,,
5,,
4,,
5,,
4,,
4,,
5,,
3,,
4,,
4,,
4,,
4,,
4,,
4,,
4,,
7,,
5,,
4,,
3,,
4,,
5,,
4,,
5,,
4,,
4,,
4,,
4,,
4,,
4,,
4,,
8,,
6,,
4,,
4,,
4,,
5,,
11,,
6,,
4,,
5,,
5,,
4,,
5,,
5,,
4,,
4,,
5,,
4,,
6,,
4,,
7,,
4,,
4,,
4,,
5,,
4,,
6,,
7,,
4,,
4,,
4,,
4,,
4,,
4,,
5,,
5,,
4,,
4,,
5,,
4,,
4,,
4,,
4,,
4,,
4,,
4,,
4,,
5,,
4,,
5,,
4,,
4,,
5,,
5,,
6,,
6,,
8,,
4,,
4,,
4,,
4,,
4,,
6,,
4,,
4,,
5,,
4,,
4,,
4,,
5,,
4,,
4,,
5,,
4,,
4,,
4,,
5,,
4,,
4,,
4,,
4,,
5,,
4,,
5,,
6,,
4,,
5,,
5,,
5,,
4,,
4,,
4,,
5,,
4,,
4,,
5,,
4,,
5,,
4,,
4,,
5,,
4,,
5,,
4,,
4,,
4,,
4,,
4,,
4,,
4,,
6,,
4,,
6,,
4,,
4,,
4,,
5,,
7,,
4,,
4,,
4,,
4,,
4,,
4,,
5,,
5,,
5,,
5,,
5,,
5,,
5,,
6,,
5,,
4,,
4,,
4,,
4,,
4,,
4,,
5,,
5,,
4,,
4,,
4,,
4,,
4,,
4,,
6,,
5,,
5,,
4,,
5,,
4,,
5,,
3,,
7,,
6,,
4,,
5,,
4,,
5,,
5,,
5,,
5,,
4,,
6,,
5,,
4,,
5,,
4,,
4,,
6,,
5,,
5,,
4,,
4,,
4,,
4,,
5,,
4,,
4,,
5,,
5,,
5,,
6,,
6,,
5,,
5,,
19,,
4,,
5,,
5,,
6,,
5,,
5,,
4,,
5,,
7,,
6,,
8,,
7,,
3,,
4,,
5,,
5,,
5,,
5,,
4,,
8,,
4,,
4,,
5,,
5,,
5,,
4,,
4,,
4,,
4,,
4,,
4,,
4,,
5,,
5,,
5,,
5,,
4,,
4,,
6,,
6,,
5,,
4,,
4,,
7,,
5,,
4,,
4,,
5,,
4,,
4,,
7,,
5,,
5,,
4,,
4,,
4,,
4,,
4,,
5,,
4,,
5,,
4,,
4,,
5,,
5,,
5,,
5,,
4,,
4,,
5,,
4,,
4,,
4,,
6,,
4,,
5,,
4,,
4,,
4,,
4,,
4,,
5,,
5,,
5,,
4,,
4,,
4,,
4,,
4,,
5,,
4,,
4,,
4,,
4,,
4,,
4,,
5,,
5,,
5,,
5,,
4,,
3,,
4,,
4,,
5,,
4,,
4,,
4,,
4,,
4,,
4,,
4,,
6,,
4,,
4,,
5,,
6,,
4,,
5,,
5,,
5,,
4,,
4,,
3,,
8,,
4,,
5,,
5,,
6,,
5,,
4,,
4,,
5,,
4,,
4,,
5,,
4,,
4,,
4,,
5,,
9,,
4,,
4,,
5,,
5,,
4,,
6,,
6,,
5,,
3,,
4,,
4,,
4,,
4,,
5,,
4,,
4,,
4,,
4,,
4,,
5,,
5,,
5,,
5,,
4,,
5,,
4,,
4,,
4,,
4,,
4,,
4,,
4,,
5,,
17,,
5,,
6,,
5,,
4,,
6,,
4,,
6,,
4,,
5,,
4,,
4,,
4,,
4,,
6,,
15,,
6,,
5,,
5,,
4,,
4,,
4,,
22,,
4,,
4,,
5,,
9,,
5,,
4,,
4,,
4,,
5,,
5,,
4,,
4,,
4,,
4,,
7,,
9,,
4,,
4,,
5,,
4,,
4,,
4,,
4,,
5,,
5,,
5,,
6,,
4,,
4,,
5,,
5,,
4,,
4,,
5,,
4,,
7,,
4,,
4,,
4,,
4,,
4,,
4,,
3,,
4,,
4,,
4,,
4,,
5,,
4,,
4,,
5,,
4,,
4,,
4,,
4,,
5,,
4,,
5,,
4,,
5,,
3,,
5,,
5,,
4,,
5,,
4,,
5,,
4,,
4,,
5,,
5,,
9,,
4,,
5,,
5,,
4,,
4,,
4,,
4,,
5,,
4,,
4,,
4,,
4,,
5,,
5,,
5,,
5,,
5,,
5,,
4,,
4,,
4,,
19,,
4,,
4,,
4,,
5,,
4,,
4,,
5,,
4,,
7,,
5,,
4,,
4,,
5,,
5,,
5,,
5,,
4,,
6,,
5,,
4,,
5,,
5,,
4,,
4,,
5,,
4,,
4,,
5,,
5,,
5,,
4,,
4,,
4,,
4,,
4,,
6,,
4,,
5,,
4,,
5,,
5,,
5,,
4,,
5,,
6,,
4,,
4,,
4,,
4,,
4,,
5,,
8,,
5,,
4,,
4,,
4,,
4,,
5,,
5,,
8,,
4,,
5,,
5,,
4,,
4,,
4,,
4,,
4,,
4,,
4,,
5,,
4,,
4,,
5,,
5,,
4,,
6,,
5,,
5,,
3,,
6,,
5,,
4,,
5,,
4,,
4,,
4,,
11,,
7,,
4,,
4,,
4,,
4,,
5,,
4,,
4,,
4,,
4,,
4,,
5,,
7,,
5,,
4,,
4,,
4,,
4,,
4,,
6,,
4,,
4,,
4,,
4,,
4,,
8,,
5,,
5,,
5,,
5,,
3,,
4,,
4,,
4,,
5,,
4,,
4,,
4,,
4,,
4,,
5,,
4,,
5,,
4,,
5,,
4,,
4,,
4,,
6,,
4,,
4,,
5,,
4,,
3,,
4,,
5,,
5,,
4,,
4,,
5,,
5,,
5,,
4,,
4,,
5,,
6,,
4,,
4,,
4,,
4,,
5,,
5,,
4,,
4,,
5,,
4,,
4,,
8,,
6,,
4,,
4,,
4,,
4,,
4,,
7,,
4,,
3,,
4,,
4,,
5,,
4,,
5,,
7,,
4,,
4,,
4,,
4,,
4,,
4,,
4,,
4,,
8,,
4,,
5,,
4,,
4,,
4,,
6,,
6,,
5,,
4,,
4,,
4,,
4,,
4,,
4,,
5,,
18,,
4,,
4,,
4,,
5,,
20,,
5,,
5,,
5,,
5,,
5,,
4,,
4,,
10,,
4,,
4,,
4,,
4,,
5,,
4,,
6,,
5,,
5,,
5,,
4,,
4,,
4,,
19,,
7,,
5,,
4,,
4,,
4,,
4,,
4,,
5,,
4,,
4,,
4,,
4,,
5,,
4,,
4,,
7,,
5,,
5,,
4,,
4,,
4,,
4,,
4,,
4,,
4,,
5,,
4,,
5,,
9,,
5,,
6,,
5,,
5,,
5,,
5,,
11,,
5,,
6,,
5,,
5,,
4,,
4,,
7,,
5,,
4,,
4,,
4,,
5,,
4,,
4,,
4,,
5,,
5,,
4,,
5,,
5,,
5,,
7,,
7,,
5,,
4,,
4,,
4,,
4,,
4,,
6,,
4,,
4,,
4,,
5,,
4,,
4,,
6,,
5,,
4,,
4,,
3,,
4,,
4,,
4,,
4,,
4,,
4,,
5,,
4,,
4,,
5,,
4,,
4,,
5,,
5,,
4,,
4,,
4,,
4,,
7,,
5,,
4,,
4,,
4,,
4,,
4,,
4,,
5,,
4,,
4,,
5,,
3,,
4,,
7,,
4,,
4,,
3,,
4,,
4,,
5,,
5,,
5,,
4,,
5,,
4,,
5,,
4,,
4,,
4,,
4,,
4,,
4,,
3,,
7,,
5,,
4,,
4,,
5,,
4,,
11,,
4,,
5,,
4,,
4,,
5,,
4,,
4,,
4,,
4,,
3,,
4,,
4,,
4,,
4,,
6,,
5,,
6,,
5,,
4,,
4,,
4,,
4,,
4,,
4,,
4,,
5,,
4,,
4,,
4,,
4,,
6,,
4,,
8,,
4,,
5,,
4,,
4,,
4,,
4,,
4,,
5,,
5,,
4,,
4,,
4,,
4,,
5,,
5,,
9,,
5,,
4,,
4,,
5,,
4,,
5,,
4,,
5,,
4,,
4,,
4,,
4,,
5,,
6,,
4,,
5,,
5,,
5,,
4,,
5,,
5,,
5,,
4,,
6,,
6,,
4,,
4,,
6,,
4,,
5,,
9,,
4,,
4,,
4,,
5,,
4,,
4,,
4,,
6,,
5,,
11,,
7,,
22,,
5,,
5,,
5,,
5,,
5,,
6,,
8,,
12,,
5,,
5,,
5,,
6,,
4,,
5,,
4,,
5,,
4,,
4,,
6,,
6,,
5,,
4,,
5,,
16,,
8,,
5,,
3,,
4,,
3,,
5,,
4,,
6,,
6,,
5,,
4,,
4,,
4,,
4,,
5,,
4,,
3,,
4,,
4,,
4,,
5,,
5,,
5,,
4,,
5,,
4,,
5,,
4,,
4,,
4,,
5,,
4,,
4,,
5,,
4,,
5,,
6,,
5,,
4,,
5,,
5,,
4,,
4,,
6,,
4,,
4,,
5,,
4,,
4,,
3,,
4,,
6,,
5,,
4,,
4,,
5,,
4,,
4,,
17,,
5,,
4,,
4,,
4,,
4,,
4,,
4,,
5,,
5,,
5,,
4,,
4,,
4,,
5,,
4,,
6,,
4,,
4,,
4,,
4,,
4,,
4,,
4,,
5,,
5,,
4,,
4,,
5,,
4,,
4,,
6,,
5,,
4,,
4,,
4,,
4,,
4,,
5,,
5,,
4,,
5,,
5,,
5,,
5,,
6,,
6,,
5,,
5,,
5,,
5,,
4,,
4,,
4,,
5,,
4,,
4,,
4,,
6,,
6,,
7,,
6,,
5,,
5,,
4,,
4,,
4,,
5,,
5,,
4,,
5,,
4,,
4,,
4,,
6,,
5,,
5,,
5,,
4,,
5,,
4,,
4,,
6,,
6,,
6,,
4,,
5,,
6,,
10,,
7,,
4,,
4,,
5,,
4,,
4,,
6,,
4,,
5,,
4,,
4,,
4,,
5,,
12,,
6,,
6,,
4,,
5,,
4,,
6,,
4,,
4,,
4,,
4,,
4,,
4,,
7,,
6,,
4,,
4,,
5,,
5,,
4,,
4,,
4,,
4,,
4,,
4,,
4,,
4,,
5,,
5,,
3,,
2,,
2,,
3,,
3,,
3,,
2,,
7,,
2,,
5,,
3,,
5,,
6,,
3,,
6,,
3,,
4,,
3,,
3,,
3,,
5,,
3,,
4,,
3,,
3,,
2,,
7,,
3,,
4,,
3,,
5,,
6,,
2,,
3,,
2,,
3,,
3,,
2,,
2,,
3,,
3,,
2,,
2,,
2,,
2,,
2,,
3,,
3,,
2,,
2,,
2,,
2,,
2,,
2,,
2,,
2,,
3,,
2,,
2,,
3,,
2,,
2,,
2,,
3,,
2,,
2,,
3,,
3,,
2,,
2,,
2,,
2,,
2,,
2,,
3,,
2,,
3,,
2,,
2,,
3,,
2,,
2,,
2,,
2,,
3,,
3,,
2,,
3,,
2,,
3,,
2,,
2,,
2,,
2,,
2,,
2,,
2,,
3,,
2,,
2,,
3,,
3,,
3,,
2,,
3,,
3,,
2,,
2,,
2,,
2,,
3,,
3,,
3,,
2,,
2,,
3,,
2,,
3,,
3,,
2,,
2,,
3,,
2,,
2,,
3,,
3,,
3,,
2,,
2,,
2,,
3,,
2,,
3,,
2,,
3,,
2,,
2,,
2,,
3,,
6,,
3,,
3,,
2,,
3,,
3,,
3,,
3,,
2,,
2,,
2,,
3,,
2,,
3,,
2,,
3,,
2,,
3,,
3,,
2,,
2,,
2,,
2,,
3,,
3,,
2,,
2,,
3,,
2,,
2,,
2,,
2,,
2,,
2,,
2,,
2,,
3,,
3,,
4,,
2,,
3,,
3,,
2,,
2,,
3,,
2,,
2,,
3,,
3,,
2,,
2,,
3,,
2,,
2,,
2,,
2,,
2,,
2,,
2,,
2,,
2,,
3,,
3,,
3,,
3,,
3,,
2,,
2,,
3,,
3,,
2,,
3,,
3,,
2,,
2,,
2,,
3,,
3,,
2,,
2,,
2,,
3,,
2,,
2,,
2,,
2,,
2,,
3,,
3,,
2,,
2,,
2,,
2,,
2,,
3,,
2,,
2,,
2,,
3,,
3,,
3,,
3,,
3,,
3,,
2,,
2,,
3,,
2,,
2,,
2,,
2,,
2,,
2,,
2,,
3,,
2,,
2,,
2,,
3,,
2,,
2,,
4,,
4,,
3,,
2,,
4,,
3,,
2,,
3,,
3,,
3,,
2,,
2,,
3,,
3,,
3,,
2,,
3,,
3,,
3,,
2,,
3,,
2,,
3,,
3,,
2,,
2,,
3,,
2,,
2,,
2,,
2,,
3,,
2,,
3,,
3,,
3,,
3,,
3,,
3,,
2,,
2,,
2,,
2,,
2,,
2,,
2,,
2,,
2,,
2,,
2,,
3,,
3,,
2,,
3,,
2,,
2,,
3,,
3,,
3,,
2,,
3,,
3,,
3,,
3,,
2,,
3,,
3,,
2,,
2,,
2,,
3,,
2,,
2,,
2,,
2,,
2,,
2,,
3,,
2,,
2,,
3,,
2,,
3,,
3,,
2,,
2,,
2,,
3,,
2,,
2,,
3,,
3,,
2,,
2,,
2,,
3,,
3,,
2,,
2,,
2,,
3,,
3,,
3,,
2,,
3,,
2,,
5,,
3,,
3,,
3,,
5,,
3,,
2,,
4,,
3,,
3,,
3,,
3,,
3,,
5,,
5,,
2,,
3,,
3,,
6,,
4,,
3,,
3,,
2,,
3,,
2,,
2,,
2,,
2,,
3,,
2,,
2,,
3,,
2,,
2,,
2,,
2,,
2,,
2,,
2,,
2,,
2,,
3,,
3,,
3,,
3,,
2,,
3,,
2,,
2,,
2,,
2,,
4,,
2,,
2,,
3,,
2,,
2,,
3,,
2,,
2,,
2,,
2,,
2,,
2,,
2,,
3,,
2,,
2,,
2,,
2,,
3,,
3,,
2,,
2,,
2,,
2,,
2,,
3,,
2,,
2,,
3,,
6,,
3,,
3,,
3,,
2,,
2,,
3,,
3,,
2,,
3,,
2,,
3,,
2,,
2,,
2,,
2,,
2,,
2,,
2,,
2,,
2,,
2,,
2,,
3,,
2,,
2,,
3,,
3,,
2,,
3,,
3,,
3,,
3,,
2,,
3,,
3,,
2,,
2,,
2,,
3,,
2,,
2,,
2,,
3,,
3,,
2,,
3,,
2,,
3,,
4,,
2,,
3,,
2,,
2,,
2,,
3,,
3,,
2,,
3,,
3,,
2,,
2,,
3,,
2,,
3,,
2,,
3,,
2,,
2,,
2,,
3,,
3,,
2,,
3,,
2,,
2,,
3,,
3,,
2,,
2,,
2,,
2,,
3,,
2,,
3,,
2,,
2,,
3,,
3,,
3,,
3,,
2,,
2,,
2,,
3,,
2,,
2,,
2,,
2,,
2,,
2,,
2,,
2,,
3,,
2,,
2,,
2,,
2,,
2,,
3,,
3,,
2,,
3,,
2,,
3,,
3,,
3,,
2,,
2,,
4,,
3,,
2,,
2,,
3,,
3,,
2,,
2,,
2,,
2,,
3,,
3,,
2,,
2,,
3,,
3,,
3,,
2,,
2,,
2,,
3,,
2,,
3,,
2,,
2,,
2,,
2,,
3,,
3,,
2,,
3,,
2,,
2,,
2,,
2,,
3,,
2,,
2,,
2,,
2,,
2,,
2,,
2,,
3,,
3,,
2,,
2,,
2,,
2,,
3,,
3,,
2,,
3,,
2,,
2,,
3,,
3,,
3,,
3,,
4,,
3,,
3,,
2,,
2,,
2,,
2,,
2,,
2,,
3,,
3,,
3,,
2,,
3,,
3,,
2,,
5,,
3,,
3,,
3,,
2,,
2,,
3,,
3,,
2,,
2,,
3,,
3,,
3,,
2,,
2,,
3,,
3,,
2,,
2,,
2,,
2,,
3,,
2,,
2,,
2,,
2,,
3,,
3,,
2,,
2,,
2,,
2,,
3,,
2,,
2,,
2,,
2,,
2,,
2,,
3,,
2,,
3,,
3,,
2,,
4,,
2,,
3,,
3,,
2,,
2,,
2,,
2,,
3,,
2,,
2,,
2,,
2,,
2,,
2,,
3,,
2,,
3,,
2,,
2,,
2,,
2,,
3,,
3,,
3,,
2,,
2,,
2,,
2,,
2,,
4,,
3,,
2,,
3,,
3,,
2,,
3,,
3,,
2,,
3,,
2,,
2,,
2,,
2,,
2,,
2,,
2,,
2,,
2,,
2,,
2,,
2,,
2,,
2,,
2,,
3,,
2,,
2,,
2,,
3,,
2,,
2,,
3,,
3,,
2,,
2,,
3,,
2,,
2,,
2,,
2,,
2,,
3,,
2,,
3,,
2,,
2,,
2,,
2,,
2,,
2,,
2,,
2,,
3,,
2,,
3,,
2,,
3,,
3,,
2,,
2,,
2,,
2,,
2,,
2,,
3,,
3,,
2,,
3,,
2,,
2,,
2,,
3,,
2,,
2,,
2,,
3,,
3,,
2,,
3,,
2,,
3,,
3,,
3,,
4,,
3,,
3,,
2,,
2,,
2,,
2,,
2,,
2,,
2,,
3,,
2,,
3,,
3,,
3,,
2,,
2,,
3,,
3,,
2,,
2,,
2,,
3,,
3,,
2,,
2,,
2,,
2,,
3,,
3,,
2,,
2,,
3,,
3,,
3,,
2,,
2,,
2,,
3,,
3,,
3,,
2,,
2,,
2,,
2,,
3,,
3,,
2,,
2,,
3,,
2,,
2,,
3,,
2,,
3,,
2,,
3,,
3,,
2,,
3,,
2,,
2,,
2,,
2,,
2,,
2,,
2,,
2,,
2,,
3,,
3,,
3,,
3,,
2,,
2,,
2,,
3,,
2,,
2,,
2,,
2,,
2,,
3,,
3,,
3,,
2,,
3,,
3,,
2,,
2,,
2,,
3,,
3,,
2,,
3,,
2,,
3,,
2,,
2,,
2,,
3,,
3,,
2,,
2,,
2,,
3,,
2,,
2,,
2,,
2,,
3,,
2,,
3,,
3,,
2,,
2,,
2,,
2,,
2,,
2,,
2,,
2,,
2,,
3,,
2,,
2,,
3,,
3,,
2,,
2,,
3,,
2,,
2,,
3,,
2,,
3,,
2,,
3,,
2,,
3,,
2,,
3,,
2,,
2,,
2,,
2,,
3,,
3,,
2,,
3,,
2,,
2,,
2,,
2,,
2,,
2,,
2,,
2,,
2,,
2,,
2,,
3,,
3,,
2,,
3,,
3,,
2,,
3,,
3,,
3,,
2,,
3,,
2,,
3,,
3,,
2,,
2,,
3,,
3,,
3,,
3,,
3,,
2,,
2,,
3,,
2,,
2,,
2,,
2,,
2,,
2,,
2,,
2,,
2,,
2,,
3,,
2,,
3,,
2,,
3,,
2,,
2,,
3,,
3,,
3,,
3,,
3,,
2,,
3,,
3,,
2,,
3,,
2,,
3,,
3,,
3,,
3,,
2,,
2,,
3,,
2,,
2,,
2,,
3,,
2,,
2,,
5,,
4,,
2,,
3,,
2,,
2,,
2,,
2,,
2,,
3,,
3,,
2,,
3,,
5,,
3,,
3,,
3,,
3,,
2,,
2,,
3,,
3,,
2,,
3,,
2,,
2,,
6,,
3,,
3,,
3,,
2,,
2,,
2,,
3,,
2,,
2,,
2,,
2,,
2,,
3,,
2,,
2,,
2,,
2,,
2,,
3,,
2,,
3,,
2,,
3,,
3,,
3,,
2,,
3,,
2,,
4,,
3,,
2,,
3,,
3,,
3,,
2,,
2,,
2,,
3,,
2,,
2,,
3,,
2,,
2,,
2,,
2,,
2,,
3,,
3,,
3,,
3,,
3,,
2,,
2,,
2,,
2,,
3,,
3,,
2,,
2,,
3,,
2,,
3,,
3,,
2,,
2,,
2,,
2,,
2,,
2,,
2,,
2,,
2,,
2,,
3,,
3,,
3,,
2,,
3,,
2,,
3,,
3,,
4,,
61,,
3,,
3,,
3,,
3,,
2,,
3,,
2,,
3,,
5,,
3,,
3,,
3,,
3,,
3,,
2,,
3,,
2,,
3,,
2,,
2,,
3,,
3,,
3,,
3,,
2,,
3,,
2,,
3,,
2,,
2,,
3,,
3,,
3,,
3,,
3,,
2,,
3,,
4,,
3,,
4,,
9,,
6,,
3,,
2,,
3,,
3,,
3,,
2,,
3,,
2,,
2,,
3,,
3,,
3,,
3,,
2,,
3,,
3,,
3,,
3,,
3,,
3,,
3,,
3,,
3,,
3,,
2,,
3,,
3,,
6,,
3,,
3,,
3,,
2,,
3,,
4,,
4,,
3,,
3,,
3,,
3,,
2,,
2,,
3,,
3,,
3,,
2,,
2,,
2,,
3,,
2,,
3,,
3,,
3,,
3,,
2,,
4,,
3,,
3,,
2,,
2,,
3,,
3,,
3,,
2,,
2,,
2,,
3,,
3,,
3,,
2,,
2,,
3,,
3,,
3,,
3,,
3,,
2,,
3,,
3,,
3,,
3,,
3,,
3,,
3,,
3,,
3,,
3,,
3,,
4,,
3,,
3,,
3,,
3,,
3,,
3,,
3,,
3,,
2,,
3,,
3,,
2,,
3,,
3,,
4,,
3,,
3,,
3,,
3,,
3,,
2,,
3,,
3,,
3,,
3,,
2,,
2,,
2,,
2,,
4,,
3,,
3,,
4,,
3,,
3,,
3,,
3,,
3,,
3,,
3,,
3,,
3,,
3,,
4,,
4,,
3,,
3,,
3,,
3,,
2,,
3,,
3,,
3,,
2,,
2,,
3,,
2,,
3,,
2,,
3,,
3,,
2,,
2,,
4,,
4,,
3,,
3,,
3,,
3,,
3,,
3,,
3,,
3,,
3,,
2,,
3,,
3,,
3,,
3,,
3,,
3,,
2,,
3,,
2,,
2,,
2,,
3,,
2,,
3,,
3,,
3,,
3,,
3,,
3,,
3,,
3,,
3,,
3,,
3,,
3,,
3,,
3,,
3,,
3,,
3,,
2,,
3,,
3,,
2,,
2,,
4,,
4,,
3,,
2,,
3,,
3,,
3,,
3,,
3,,
4,,
2,,
3,,
3,,
3,,
3,,
2,,
2,,
3,,
3,,
4,,
4,,
3,,
3,,
3,,
5,,
4,,
2,,
3,,
3,,
3,,
2,,
4,,
4,,
3,,
3,,
4,,
2,,
3,,
3,,
6,,
3,,
3,,
3,,
3,,
3,,
3,,
5,,
6,,
4,,
5,,
3,,
4,,
2,,
3,,
4,,
3,,
6,,
4,,
3,,
3,,
4,,
3,,
3,,
3,,
3,,
3,,
3,,
3,,
6,,
4,,
3,,
3,,
3,,
3,,
3,,
3,,
3,,
3,,
3,,
3,,
3,,
3,,
3,,
6,,
3,,
3,,
3,,
2,,
3,,
3,,
2,,
2,,
3,,
3,,
4,,
3,,
3,,
3,,
3,,
4,,
3,,
3,,
3,,
3,,
3,,
4,,
3,,
3,,
2,,
3,,
3,,
3,,
3,,
3,,
3,,
2,,
3,,
3,,
3,,
3,,
3,,
3,,
2,,
3,,
3,,
3,,
3,,
3,,
3,,
3,,
3,,
3,,
3,,
3,,
3,,
3,,
3,,
3,,
3,,
3,,
3,,
2,,
3,,
3,,
3,,
3,,
3,,
4,,
3,,
3,,
3,,
3,,
3,,
3,,
2,,
3,,
3,,
4,,
3,,
3,,
3,,
3,,
3,,
3,,
3,,
3,,
2,,
2,,
3,,
3,,
3,,
3,,
3,,
4,,
2,,
3,,
2,,
3,,
3,,
3,,
3,,
3,,
2,,
3,,
3,,
3,,
3,,
3,,
3,,
2,,
3,,
3,,
2,,
3,,
3,,
4,,
3,,
3,,
3,,
3,,
3,,
2,,
3,,
3,,
3,,
3,,
3,,
3,,
3,,
2,,
3,,
2,,
3,,
2,,
2,,
3,,
3,,
3,,
3,,
3,,
3,,
3,,
2,,
3,,
2,,
3,,
4,,
3,,
4,,
3,,
3,,
3,,
3,,
2,,
2,,
3,,
2,,
3,,
2,,
3,,
2,,
3,,
5,,
3,,
3,,
3,,
2,,
4,,
3,,
3,,
3,,
2,,
3,,
3,,
3,,
3,,
4,,
4,,
2,,
3,,
3,,
2,,
2,,
4,,
3,,
3,,
3,,
3,,
2,,
3,,
3,,
3,,
2,,
3,,
3,,
3,,
3,,
3,,
3,,
3,,
3,,
3,,
3,,
3,,
3,,
3,,
3,,
5,,
2,,
3,,
3,,
3,,
2,,
3,,
2,,
3,,
3,,
2,,
5,,
3,,
2,,
4,,
3,,
4,,
4,,
3,,
3,,
3,,
3,,
3,,
3,,
3,,
3,,
3,,
3,,
3,,
3,,
5,,
3,,
3,,
3,,
3,,
3,,
2,,
3,,
3,,
3,,
3,,
2,,
2,,
2,,
3,,
4,,
3,,
21,,
4,,
3,,
3,,
3,,
3,,
4,,
4,,
3,,
3,,
3,,
3,,
3,,
4,,
3,,
3,,
4,,
3,,
3,,
3,,
3,,
3,,
3,,
3,,
3,,
3,,
2,,
3,,
3,,
3,,
4,,
3,,
3,,
3,,
2,,
3,,
3,,
3,,
3,,
3,,
3,,
3,,
4,,
3,,
3,,
3,,
3,,
3,,
3,,
3,,
3,,
3,,
3,,
3,,
3,,
3,,
2,,
3,,
3,,
2,,
3,,
3,,
4,,
3,,
3,,
3,,
2,,
3,,
4,,
2,,
3,,
3,,
3,,
3,,
3,,
3,,
3,,
2,,
2,,
3,,
3,,
5,,
4,,
3,,
3,,
3,,
3,,
3,,
2,,
3,,
3,,
5,,
2,,
3,,
4,,
3,,
3,,
3,,
3,,
3,,
3,,
3,,
3,,
3,,
3,,
4,,
4,,
3,,
3,,
3,,
3,,
3,,
3,,
2,,
3,,
3,,
3,,
3,,
4,,
3,,
6,,
3,,
3,,
3,,
3,,
3,,
2,,
3,,
3,,
3,,
3,,
3,,
3,,
3,,
3,,
3,,
3,,
3,,
5,,
3,,
2,,
3,,
3,,
3,,
3,,
2,,
2,,
2,,
3,,
3,,
3,,
3,,
3,,
3,,
3,,
3,,
2,,
3,,
3,,
3,,
3,,
3,,
3,,
3,,
3,,
2,,
2,,
4,,
2,,
2,,
4,,
3,,
3,,
3,,
3,,
3,,
4,,
2,,
2,,
3,,
2,,
3,,
3,,
3,,
3,,
3,,
3,,
2,,
3,,
2,,
3,,
3,,
3,,
3,,
3,,
3,,
3,,
3,,
2,,
2,,
3,,
3,,
3,,
3,,
3,,
3,,
3,,
3,,
4,,
2,,
3,,
3,,
3,,
3,,
3,,
3,,
3,,
3,,
3,,
3,,
3,,
2,,
2,,
3,,
3,,
3,,
3,,
2,,
4,,
4,,
2,,
4,,
4,,
3,,
3,,
2,,
3,,
3,,
4,,
3,,
2,,
3,,
2,,
2,,
4,,
3,,
3,,
3,,
3,,
3,,
4,,
3,,
3,,
2,,
3,,
3,,
2,,
2,,
3,,
3,,
3,,
3,,
3,,
3,,
3,,
3,,
3,,
3,,
3,,
3,,
3,,
3,,
2,,
3,,
3,,
3,,
3,,
3,,
2,,
3,,
3,,
2,,
3,,
3,,
3,,
3,,
3,,
3,,
2,,
2,,
3,,
3,,
2,,
3,,
3,,
3,,
2,,
2,,
2,,
3,,
3,,
2,,
4,,
3,,
3,,
3,,
3,,
2,,
2,,
3,,
3,,
3,,
3,,
3,,
2,,
3,,
4,,
3,,
3,,
3,,
3,,
3,,
3,,
3,,
3,,
3,,
3,,
3,,
3,,
2,,
3,,
3,,
3,,
3,,
3,,
3,,
3,,
3,,
3,,
3,,
3,,
6,,
3,,
3,,
3,,
3,,
3,,
3,,
2,,
2,,
3,,
3,,
2,,
2,,
3,,
2,,
2,,
3,,
3,,
2,,
2,,
2,,
2,,
3,,
3,,
3,,
3,,
2,,
3,,
3,,
2,,
3,,
3,,
3,,
2,,
3,,
3,,
3,,
3,,
3,,
3,,
2,,
3,,
3,,
2,,
3,,
3,,
3,,
3,,
3,,
3,,
3,,
3,,
3,,
3,,
3,,
3,,
3,,
3,,
3,,
3,,
2,,
3,,
3,,
3,,
3,,
3,,
4,,
3,,
3,,
2,,
3,,
3,,
3,,
3,,
4,,
2,,
3,,
3,,
3,,
2,,
3,,
2,,
3,,
3,,
3,,
3,,
2,,
3,,
2,,
4,,
3,,
3,,
3,,
3,,
3,,
3,,
3,,
3,,
3,,
3,,
3,,
3,,
4,,
3,,
3,,
4,,
3,,
3,,
3,,
4,,
4,,
3,,
2,,
3,,
3,,
3,,
3,,
2,,
3,,
3,,
3,,
3,,
3,,
4,,
3,,
3,,
3,,
3,,
3,,
3,,
3,,
3,,
3,,
3,,
2,,
3,,
3,,
3,,
3,,
3,,
3,,
3,,
4,,
5,,
4,,
3,,
2,,
3,,
2,,
2,,
3,,
2,,
2,,
3,,
3,,
2,,
3,,
4,,
3,,
3,,
3,,
3,,
2,,
3,,
3,,
3,,
2,,
3,,
2,,
2,,
3,,
4,,
4,,
5,,
4,,
5,,
4,,
3,,
3,,
3,,
3,,
2,,
3,,
5,,
3,,
4,,
4,,
3,,
3,,
3,,
3,,
3,,
3,,
3,,
2,,
2,,
3,,
6,,
4,,
4,,
3,,
3,,
4,,
3,,
3,,
3,,
3,,
3,,
2,,
4,,
2,,
3,,
3,,
2,,
3,,
3,,
3,,
3,,
3,,
7,,
5,,
5,,
5,,
5,,
4,,
4,,
4,,
5,,
5,,
5,,
6,,
5,,
4,,
6,,
5,,
4,,
4,,
5,,
4,,
4,,
5,,
5,,
5,,
5,,
4,,
5,,
4,,
4,,
4,,
7,,
5,,
8,,
7,,
19,,
5,,
5,,
5,,
5,,
5,,
5,,
5,,
5,,
4,,
5,,
5,,
6,,
4,,
6,,
5,,
4,,
4,,
4,,
5,,
4,,
5,,
4,,
5,,
5,,
5,,
5,,
5,,
4,,
6,,
6,,
5,,
5,,
4,,
5,,
5,,
5,,
9,,
5,,
8,,
5,,
4,,
5,,
5,,
4,,
6,,
4,,
5,,
5,,
4,,
4,,
5,,
11,,
5,,
5,,
5,,
4,,
5,,
5,,
5,,
6,,
5,,
5,,
4,,
5,,
5,,
6,,
5,,
4,,
5,,
4,,
4,,
5,,
6,,
5,,
6,,
5,,
5,,
4,,
5,,
7,,
5,,
5,,
4,,
4,,
5,,
6,,
5,,
4,,
5,,
6,,
5,,
5,,
4,,
10,,
8,,
5,,
4,,
4,,
4,,
4,,
4,,
5,,
6,,
5,,
6,,
4,,
4,,
18,,
6,,
5,,
5,,
4,,
4,,
5,,
5,,
5,,
8,,
6,,
5,,
4,,
5,,
6,,
7,,
5,,
6,,
5,,
5,,
5,,
4,,
4,,
7,,
17,,
7,,
5,,
8,,
6,,
7,,
6,,
4,,
5,,
5,,
4,,
5,,
7,,
8,,
6,,
5,,
5,,
5,,
4,,
5,,
6,,
5,,
5,,
4,,
4,,
4,,
4,,
7,,
4,,
5,,
6,,
5,,
5,,
4,,
5,,
4,,
5,,
6,,
5,,
5,,
4,,
5,,
5,,
5,,
4,,
8,,
4,,
5,,
4,,
4,,
5,,
5,,
4,,
5,,
5,,
5,,
4,,
5,,
6,,
5,,
6,,
4,,
5,,
5,,
5,,
4,,
8,,
5,,
4,,
4,,
5,,
5,,
6,,
5,,
5,,
7,,
5,,
5,,
4,,
5,,
4,,
6,,
5,,
5,,
5,,
5,,
4,,
5,,
4,,
6,,
5,,
5,,
5,,
4,,
4,,
4,,
9,,
5,,
5,,
5,,
4,,
4,,
5,,
5,,
9,,
7,,
4,,
5,,
5,,
5,,
6,,
4,,
5,,
5,,
5,,
4,,
4,,
4,,
6,,
7,,
6,,
4,,
4,,
4,,
5,,
4,,
6,,
5,,
5,,
4,,
4,,
5,,
7,,
7,,
6,,
6,,
5,,
6,,
4,,
5,,
5,,
5,,
5,,
4,,
4,,
4,,
4,,
5,,
4,,
4,,
6,,
5,,
5,,
4,,
5,,
5,,
5,,
4,,
5,,
4,,
18,,
8,,
8,,
5,,
5,,
9,,
7,,
6,,
6,,
7,,
5,,
5,,
4,,
4,,
4,,
5,,
5,,
6,,
5,,
5,,
5,,
5,,
5,,
4,,
7,,
5,,
5,,
5,,
4,,
5,,
5,,
7,,
5,,
4,,
4,,
5,,
5,,
4,,
6,,
7,,
6,,
5,,
4,,
4,,
4,,
4,,
5,,
5,,
5,,
5,,
5,,
4,,
4,,
5,,
7,,
4,,
5,,
5,,
5,,
4,,
7,,
5,,
5,,
4,,
4,,
5,,
4,,
5,,
14,,
7,,
5,,
5,,
5,,
4,,
5,,
8,,
4,,
5,,
5,,
4,,
5,,
4,,
5,,
7,,
5,,
6,,
5,,
5,,
5,,
5,,
5,,
6,,
7,,
5,,
4,,
5,,
4,,
4,,
5,,
5,,
4,,
5,,
5,,
5,,
5,,
6,,
4,,
5,,
5,,
4,,
5,,
5,,
6,,
5,,
4,,
5,,
4,,
5,,
5,,
5,,
4,,
6,,
5,,
5,,
4,,
5,,
5,,
5,,
5,,
5,,
5,,
4,,
5,,
5,,
5,,
6,,
4,,
5,,
4,,
4,,
5,,
5,,
5,,
4,,
5,,
5,,
5,,
4,,
5,,
5,,
5,,
8,,
4,,
4,,
5,,
4,,
4,,
7,,
5,,
5,,
4,,
5,,
4,,
4,,
5,,
4,,
10,,
7,,
7,,
6,,
6,,
5,,
7,,
5,,
4,,
4,,
4,,
5,,
4,,
5,,
10,,
7,,
4,,
4,,
5,,
16,,
7,,
5,,
4,,
5,,
4,,
5,,
5,,
6,,
5,,
6,,
5,,
7,,
5,,
8,,
7,,
6,,
4,,
4,,
4,,
4,,
5,,
7,,
5,,
5,,
5,,
5,,
5,,
4,,
9,,
6,,
4,,
4,,
5,,
5,,
5,,
5,,
4,,
4,,
4,,
5,,
4,,
5,,
6,,
5,,
5,,
7,,
4,,
4,,
4,,
5,,
4,,
4,,
5,,
4,,
5,,
4,,
5,,
10,,
5,,
5,,
5,,
5,,
5,,
4,,
19,,
5,,
5,,
4,,
4,,
4,,
5,,
4,,
4,,
7,,
7,,
5,,
4,,
5,,
4,,
5,,
5,,
5,,
4,,
4,,
5,,
4,,
5,,
4,,
14,,
6,,
5,,
4,,
5,,
4,,
5,,
6,,
6,,
5,,
5,,
5,,
5,,
5,,
12,,
8,,
7,,
8,,
5,,
5,,
5,,
19,,
6,,
5,,
4,,
5,,
4,,
4,,
5,,
5,,
5,,
4,,
5,,
5,,
4,,
5,,
5,,
5,,
5,,
4,,
5,,
6,,
5,,
4,,
6,,
5,,
5,,
5,,
5,,
5,,
4,,
8,,
5,,
5,,
5,,
5,,
5,,
5,,
4,,
5,,
5,,
5,,
5,,
5,,
5,,
5,,
5,,
8,,
5,,
4,,
5,,
4,,
5,,
4,,
5,,
4,,
5,,
5,,
5,,
4,,
5,,
5,,
10,,
5,,
5,,
5,,
4,,
4,,
5,,
11,,
5,,
5,,
5,,
5,,
4,,
4,,
9,,
9,,
7,,
5,,
5,,
5,,
5,,
9,,
7,,
7,,
6,,
13,,
5,,
10,,
6,,
5,,
4,,
5,,
4,,
8,,
4,,
5,,
4,,
5,,
5,,
4,,
4,,
5,,
5,,
5,,
5,,
5,,
5,,
4,,
4,,
5,,
4,,
5,,
4,,
5,,
4,,
5,,
5,,
4,,
4,,
4,,
5,,
4,,
5,,
4,,
5,,
5,,
5,,
4,,
5,,
4,,
5,,
5,,
4,,
4,,
5,,
5,,
4,,
5,,
4,,
10,,
7,,
4,,
4,,
5,,
4,,
5,,
5,,
5,,
4,,
4,,
4,,
5,,
11,,
6,,
5,,
4,,
4,,
4,,
4,,
5,,
5,,
5,,
5,,
4,,
4,,
5,,
5,,
5,,
7,,
6,,
5,,
5,,
4,,
5,,
5,,
7,,
5,,
5,,
5,,
5,,
4,,
5,,
5,,
6,,
4,,
5,,
5,,
4,,
4,,
4,,
4,,
7,,
6,,
7,,
4,,
4,,
5,,
4,,
4,,
4,,
5,,
5,,
5,,
5,,
5,,
5,,
5,,
5,,
4,,
4,,
5,,
4,,
4,,
5,,
5,,
5,,
5,,
5,,
5,,
5,,
7,,
5,,
5,,
4,,
5,,
4,,
4,,
5,,
5,,
4,,
5,,
19,,
5,,
5,,
7,,
6,,
6,,
5,,
5,,
4,,
5,,
4,,
5,,
5,,
5,,
4,,
5,,
5,,
6,,
5,,
7,,
7,,
5,,
5,,
5,,
5,,
6,,
5,,
5,,
4,,
8,,
5,,
23,,
6,,
7,,
7,,
5,,
4,,
4,,
4,,
7,,
5,,
4,,
9,,
5,,
6,,
8,,
7,,
6,,
5,,
5,,
4,,
4,,
7,,
8,,
9,,
4,,
4,,
5,,
5,,
4,,
5,,
5,,
5,,
5,,
5,,
4,,
5,,
6,,
7,,
4,,
5,,
5,,
5,,
4,,
5,,
4,,
4,,
5,,
5,,
5,,
4,,
6,,
6,,
5,,
4,,
5,,
5,,
5,,
4,,
5,,
4,,
4,,
4,,
5,,
6,,
8,,
5,,
5,,
5,,
5,,
4,,
4,,
5,,
5,,
4,,
5,,
4,,
4,,
8,,
9,,
5,,
4,,
5,,
4,,
4,,
5,,
4,,
8,,
4,,
5,,
5,,
4,,
4,,
5,,
5,,
8,,
6,,
5,,
5,,
4,,
5,,
4,,
5,,
4,,
4,,
5,,
5,,
4,,
5,,
6,,
5,,
6,,
5,,
4,,
4,,
4,,
5,,
5,,
5,,
4,,
5,,
5,,
4,,
4,,
5,,
4,,
4,,
4,,
5,,
4,,
4,,
4,,
7,,
5,,
5,,
5,,
5,,
4,,
5,,
6,,
5,,
5,,
4,,
7,,
5,,
4,,
6,,
4,,
5,,
5,,
4,,
4,,
6,,
4,,
4,,
5,,
5,,
4,,
5,,
5,,
4,,
9,,
5,,
5,,
4,,
4,,
4,,
6,,
4,,
4,,
4,,
5,,
4,,
5,,
10,,
5,,
5,,
5,,
4,,
5,,
8,,
7,,
5,,
5,,
4,,
5,,
6,,
14,,
8,,
5,,
5,,
5,,
5,,
5,,
6,,
5,,
4,,
4,,
5,,
5,,
6,,
8,,
4,,
6,,
5,,
5,,
5,,
5,,
6,,
5,,
4,,
5,,
5,,
5,,
5,,
6,,
4,,
5,,
4,,
5,,
5,,
5,,
5,,
6,,
5,,
5,,
5,,
4,,
4,,
4,,
20,,
4,,
5,,
5,,
5,,
5,,
5,,
4,,
7,,
5,,
4,,
5,,
6,,
11,,
5,,
6,,
6,,
4,,
4,,
5,,
5,,
5,,
5,,
6,,
5,,
4,,
5,,
5,,
5,,
5,,
5,,
5,,
4,,
5,,
4,,
5,,
4,,
5,,
7,,
23,,
9,,
6,,
5,,
13,,
10,,
8,,
11,,
23,,
5,,
5,,
9,,
5,,
5,,
5,,
8,,
5,,
5,,
5,,
4,,
4,,
4,,
4,,
5,,
5,,
5,,
5,,
4,,
5,,
4,,
7,,
6,,
4,,
4,,
5,,
5,,
4,,
4,,
5,,
8,,
4,,
5,,
4,,
5,,
5,,
6,,
9,,
5,,
5,,
5,,
5,,
4,,
4,,
6,,
4,,
10,,
8,,
4,,
5,,
7,,
6,,
7,,
5,,
4,,
5,,
4,,
7,,
8,,
9,,
12,,
11,,
13,,
8,,
7,,
6,,
4,,
5,,
5,,
6,,
5,,
5,,
5,,
5,,
5,,
7,,
4,,
5,,
11,,
8,,
5,,
5,,
4,,
8,,
5,,
5,,
5,,
4,,
5,,
4,,
5,,
5,,
5,,
4,,
4,,
6,,
5,,
22,,
7,,
4,,
5,,
5,,
5,,
5,,
5,,
5,,
4,,
4,,
5,,
5,,
4,,
5,,
8,,
4,,
5,,
5,,
4,,
4,,
5,,
5,,
5,,
5,,
5,,
5,,
4,,
5,,
5,,
8,,
4,,
5,,
4,,
5,,
4,,
4,,
8,,
8,,
5,,
4,,
4,,
5,,
5,,
5,,
7,,
6,,
4,,
5,,
4,,
5,,
5,,
7,,
6,,
4,,
5,,
5,,
4,,
6,,
5,,
5,,
5,,
5,,
4,,
4,,
4,,
5,,
6,,
5,,
4,,
4,,
5,,
5,,
4,,
5,,
5,,
5,,
6,,
5,,
4,,
5,,
6,,
5,,
6,,
4,,
5,,
4,,
4,,
8,,
4,,
4,,
4,,
4,,
5,,
5,,
4,,
6,,
9,,
7,,
5,,
4,,
5,,
4,,
6,,
4,,
5,,
5,,
5,,
5,,
4,,
5,,
9,,
14,,
5,,
5,,
5,,
4,,
5,,
5,,
5,,
5,,
5,,
4,,
5,,
5,,
4,,
5,,
9,,
6,,
5,,
6,,
5,,
5,,
9,,
6,,
6,,
7,,
5,,
4,,
9,,
6,,
5,,
4,,
4,,
5,,
5,,
5,,
5,,
5,,
5,,
5,,
5,,
19,,
11,,
8,,
6,,
5,,
4,,
4,,
5,,
6,,
4,,
5,,
5,,
7,,
5,,
8,,
5,,
5,,
5,,
4,,
5,,
5,,
8,,
5,,
4,,
5,,
4,,
5,,
5,,
5,,
4,,
5,,
4,,
5,,
6,,
4,,
5,,
5,,
5,,
4,,
4,,
5,,
4,,
5,,
5,,
4,,
8,,
5,,
5,,
5,,
5,,
5,,
5,,
5,,
6,,
7,,
7,,
6,,
14,,
6,,
5,,
5,,
5,,
4,,
5,,
7,,
5,,
4,,
6,,
4,,
4,,
5,,
5,,
5,,
4,,
5,,
5,,
5,,
5,,
4,,
10,,
6,,
8,,
7,,
6,,
5,,
6,,
8,,
8,,
8,,
7,,
6,,
6,,
6,,
9,,
25,,
6,,
6,,
5,,
6,,
11,,
6,,
5,,
6,,
5,,
5,,
5,,
5,,
7,,
9,,
6,,
9,,
6,,
4,,
5,,
5,,
5,,
5,,
4,,
5,,
4,,
5,,
20,,
5,,
7,,
8,,
5,,
4,,
4,,
6,,
5,,
4,,
4,,
4,,
4,,
6,,
6,,
6,,
6,,
6,,
7,,
7,,
6,,
5,,
7,,
6,,
6,,
5,,
6,,
9,,
8,,
6,,
6,,
5,,
11,,
12,,
10,,
7,,
13,,
8,,
10,,
12,,
7,,
4,,
5,,
4,,
4,,
5,,
7,,
5,,
5,,
5,,
4,,
5,,
6,,
6,,
4,,
4,,
4,,
5,,
5,,
5,,
5,,
8,,
6,,
7,,
4,,
4,,
5,,
5,,
5,,
5,,
4,,
5,,
4,,
4,,
7,,
4,,
5,,
6,,
8,,
4,,
4,,
5,,
5,,
4,,
5,,
4,,
4,,
5,,
4,,
5,,
6,,
6,,
6,,
5,,
4,,
5,,
6,,
6,,
5,,
5,,
5,,
4,,
4,,
5,,
5,,
5,,
6,,
4,,
5,,
4,,
7,,
5,,
5,,
4,,
4,,
4,,
4,,
5,,
11,,
5,,
4,,
5,,
5,,
4,,
4,,
5,,
4,,
5,,
5,,
4,,
4,,
5,,
5,,
8,,
5,,
5,,
6,,
4,,
4,,
7,,
5,,
4,,
5,,
4,,
5,,
4,,
6,,
4,,
4,,
4,,
5,,
5,,
5,,
4,,
6,,
6,,
6,,
5,,
4,,
5,,
5,,
5,,
4,,
4,,
4,,
4,,
5,,
6,,
5,,
6,,
4,,
5,,
4,,
5,,
5,,
4,,
5,,
4,,
4,,
4,,
4,,
5,,
4,,
5,,
7,,
9,,
5,,
5,,
5,,
6,,
4,,
6,,
5,,
4,,
4,,
4,,
5,,
5,,
4,,
4,,
6,,
5,,
5,,
8,,
5,,
5,,
7,,
6,,
8,,
7,,
5,,
5,,
4,,
9,,
5,,
6,,
4,,
5,,
5,,
4,,
7,,
6,,
5,,
4,,
4,,
4,,
4,,
12,,
7,,
6,,
4,,
4,,
4,,
6,,
7,,
5,,
4,,
4,,
5,,
4,,
9,,
5,,
4,,
4,,
5,,
4,,
4,,
4,,
10,,
6,,
6,,
5,,
5,,
4,,
5,,
4,,
6,,
6,,
4,,
4,,
4,,
5,,
4,,
4,,
4,,
6,,
6,,
5,,
4,,
5,,
5,,
5,,
7,,
4,,
4,,
4,,
4,,
4,,
5,,
5,,
5,,
4,,
5,,
6,,
5,,
4,,
4,,
4,,
5,,
5,,
4,,
5,,
4,,
5,,
4,,
5,,
6,,
7,,
5,,
5,,
4,,
5,,
4,,
4,,
4,,
4,,
4,,
5,,
5,,
4,,
5,,
4,,
7,,
4,,
5,,
5,,
4,,
5,,
5,,
5,,
6,,
9,,
4,,
5,,
4,,
8,,
6,,
4,,
4,,
4,,
5,,
5,,
5,,
5,,
4,,
5,,
7,,
4,,
4,,
6,,
5,,
5,,
5,,
5,,
4,,
5,,
5,,
6,,
6,,
5,,
4,,
5,,
4,,
6,,
4,,
5,,
4,,
4,,
4,,
5,,
5,,
6,,
5,,
4,,
5,,
4,,
4,,
4,,
4,,
4,,
5,,
4,,
4,,
5,,
4,,
4,,
4,,
5,,
5,,
7,,
4,,
4,,
4,,
4,,
5,,
5,,
5,,
4,,
4,,
4,,
6,,
5,,
8,,
9,,
6,,
4,,
5,,
8,,
19,,
6,,
20,,
5,,
19,,
8,,
5,,
5,,
5,,
5,,
4,,
4,,
5,,
7,,
4,,
4,,
5,,
5,,
4,,
6,,
4,,
5,,
4,,
4,,
5,,
5,,
5,,
4,,
6,,
6,,
5,,
4,,
6,,
5,,
4,,
6,,
5,,
5,,
4,,
5,,
4,,
4,,
5,,
6,,
5,,
5,,
5,,
4,,
5,,
4,,
5,,
5,,
6,,
4,,
3,,
2,,
3,,
3,,
3,,
3,,
3,,
2,,
2,,
3,,
2,,
3,,
5,,
3,,
3,,
4,,
3,,
3,,
2,,
3,,
2,,
2,,
2,,
2,,
4,,
3,,
3,,
3,,
3,,
2,,
3,,
3,,
3,,
2,,
3,,
3,,
3,,
2,,
3,,
3,,
2,,
2,,
2,,
2,,
2,,
2,,
2,,
3,,
3,,
5,,
4,,
3,,
4,,
3,,
3,,
3,,
3,,
2,,
3,,
3,,
3,,
3,,
3,,
3,,
3,,
3,,
3,,
3,,
3,,
2,,
3,,
3,,
3,,
2,,
3,,
2,,
2,,
2,,
3,,
4,,
2,,
3,,
2,,
2,,
2,,
3,,
3,,
2,,
2,,
3,,
3,,
3,,
3,,
3,,
3,,
3,,
3,,
3,,
4,,
3,,
3,,
3,,
3,,
2,,
3,,
3,,
3,,
3,,
3,,
3,,
3,,
3,,
3,,
3,,
2,,
3,,
3,,
4,,
3,,
2,,
3,,
2,,
2,,
4,,
3,,
3,,
3,,
2,,
2,,
3,,
5,,
4,,
4,,
3,,
3,,
3,,
3,,
3,,
3,,
2,,
3,,
2,,
2,,
3,,
2,,
3,,
4,,
3,,
4,,
3,,
2,,
2,,
3,,
3,,
3,,
3,,
2,,
2,,
2,,
3,,
3,,
4,,
4,,
4,,
3,,
3,,
3,,
3,,
2,,
2,,
3,,
3,,
3,,
2,,
2,,
2,,
3,,
3,,
2,,
3,,
4,,
3,,
4,,
3,,
3,,
2,,
3,,
2,,
3,,
3,,
3,,
3,,
3,,
2,,
3,,
3,,
3,,
6,,
3,,
2,,
3,,
3,,
3,,
3,,
2,,
3,,
3,,
3,,
3,,
2,,
3,,
3,,
3,,
3,,
3,,
3,,
3,,
3,,
4,,
3,,
3,,
3,,
3,,
3,,
4,,
5,,
3,,
3,,
3,,
3,,
3,,
2,,
2,,
2,,
2,,
3,,
2,,
2,,
3,,
3,,
3,,
3,,
3,,
3,,
3,,
3,,
3,,
2,,
2,,
3,,
2,,
3,,
3,,
2,,
3,,
3,,
3,,
2,,
4,,
3,,
3,,
3,,
4,,
3,,
3,,
3,,
2,,
3,,
3,,
2,,
2,,
3,,
3,,
2,,
2,,
3,,
2,,
3,,
2,,
2,,
3,,
2,,
2,,
3,,
3,,
2,,
3,,
7,,
5,,
3,,
3,,
5,,
3,,
3,,
3,,
3,,
3,,
3,,
4,,
3,,
3,,
3,,
3,,
3,,
3,,
3,,
3,,
2,,
4,,
4,,
2,,
3,,
3,,
3,,
3,,
3,,
3,,
3,,
3,,
3,,
2,,
2,,
5,,
3,,
3,,
7,,
3,,
4,,
3,,
3,,
4,,
4,,
3,,
3,,
3,,
3,,
3,,
2,,
2,,
3,,
3,,
3,,
2,,
2,,
3,,
3,,
3,,
3,,
3,,
3,,
3,,
3,,
3,,
4,,
3,,
3,,
3,,
3,,
3,,
3,,
3,,
3,,
3,,
3,,
4,,
3,,
3,,
2,,
3,,
3,,
3,,
3,,
3,,
3,,
3,,
3,,
3,,
2,,
3,,
3,,
3,,
3,,
3,,
3,,
2,,
3,,
3,,
2,,
3,,
3,,
3,,
3,,
2,,
3,,
4,,
2,,
3,,
3,,
3,,
3,,
2,,
2,,
2,,
3,,
3,,
3,,
2,,
2,,
3,,
2,,
3,,
3,,
3,,
3,,
3,,
3,,
3,,
3,,
3,,
3,,
3,,
3,,
3,,
3,,
3,,
4,,
3,,
3,,
3,,
2,,
2,,
3,,
2,,
3,,
2,,
3,,
3,,
3,,
3,,
3,,
3,,
2,,
3,,
3,,
5,,
5,,
4,,
3,,
3,,
3,,
3,,
3,,
3,,
3,,
2,,
3,,
2,,
3,,
3,,
4,,
4,,
3,,
3,,
3,,
2,,
3,,
3,,
3,,
3,,
3,,
3,,
2,,
3,,
2,,
2,,
3,,
4,,
5,,
3,,
3,,
2,,
3,,
3,,
3,,
3,,
3,,
3,,
3,,
3,,
5,,
3,,
3,,
3,,
3,,
2,,
3,,
3,,
2,,
3,,
3,,
3,,
2,,
3,,
3,,
6,,
3,,
3,,
2,,
3,,
3,,
2,,
2,,
3,,
3,,
3,,
3,,
3,,
4,,
3,,
6,,
3,,
3,,
3,,
3,,
3,,
3,,
3,,
4,,
3,,
3,,
7,,
3,,
3,,
3,,
3,,
3,,
3,,
3,,
3,,
2,,
3,,
4,,
3,,
4,,
3,,
3,,
3,,
4,,
3,,
4,,
3,,
3,,
3,,
2,,
3,,
3,,
3,,
3,,
3,,
3,,
3,,
3,,
3,,
7,,
4,,
3,,
3,,
3,,
3,,
3,,
3,,
3,,
3,,
2,,
3,,
2,,
3,,
3,,
3,,
3,,
3,,
3,,
3,,
2,,
3,,
3,,
3,,
3,,
2,,
3,,
3,,
4,,
3,,
3,,
4,,
3,,
3,,
3,,
3,,
3,,
3,,
3,,
2,,
3,,
2,,
3,,
3,,
3,,
2,,
2,,
2,,
2,,
14,,
3,,
3,,
3,,
3,,
4,,
3,,
3,,
3,,
3,,
3,,
2,,
3,,
3,,
3,,
3,,
3,,
3,,
3,,
4,,
6,,
3,,
3,,
3,,
3,,
3,,
3,,
3,,
2,,
3,,
2,,
3,,
3,,
3,,
2,,
3,,
3,,
3,,
2,,
3,,
3,,
3,,
3,,
3,,
3,,
3,,
3,,
2,,
3,,
3,,
3,,
2,,
2,,
3,,
3,,
3,,
3,,
2,,
3,,
3,,
2,,
2,,
2,,
3,,
3,,
2,,
3,,
2,,
3,,
7,,
4,,
4,,
3,,
3,,
3,,
4,,
3,,
3,,
5,,
4,,
3,,
3,,
2,,
2,,
2,,
2,,
3,,
5,,
3,,
3,,
3,,
3,,
2,,
3,,
2,,
3,,
2,,
3,,
2,,
3,,
2,,
3,,
3,,
3,,
3,,
3,,
3,,
7,,
6,,
3,,
3,,
3,,
3,,
3,,
3,,
4,,
4,,
4,,
3,,
2,,
4,,
2,,
3,,
3,,
2,,
3,,
3,,
3,,
2,,
4,,
3,,
3,,
3,,
2,,
5,,
2,,
2,,
3,,
4,,
3,,
3,,
2,,
2,,
3,,
3,,
3,,
2,,
2,,
3,,
5,,
4,,
3,,
3,,
2,,
2,,
3,,
2,,
3,,
3,,
3,,
2,,
2,,
2,,
2,,
2,,
3,,
2,,
3,,
3,,
2,,
3,,
3,,
4,,
4,,
3,,
3,,
3,,
3,,
3,,
2,,
2,,
3,,
3,,
3,,
2,,
2,,
3,,
2,,
4,,
3,,
3,,
2,,
3,,
3,,
3,,
3,,
2,,
3,,
3,,
3,,
3,,
19,,
8,,
6,,
6,,
6,,
5,,
4,,
6,,
5,,
5,,
5,,
4,,
5,,
4,,
4,,
7,,
8,,
4,,
5,,
4,,
5,,
5,,
4,,
6,,
5,,
4,,
5,,
4,,
5,,
5,,
6,,
6,,
4,,
5,,
5,,
4,,
5,,
5,,
5,,
4,,
4,,
4,,
4,,
6,,
6,,
10,,
6,,
4,,
5,,
5,,
4,,
5,,
4,,
9,,
8,,
6,,
4,,
6,,
12,,
8,,
6,,
5,,
6,,
6,,
6,,
5,,
5,,
6,,
5,,
4,,
5,,
5,,
5,,
5,,
9,,
7,,
4,,
5,,
5,,
4,,
5,,
5,,
5,,
6,,
5,,
6,,
4,,
5,,
5,,
5,,
6,,
8,,
5,,
5,,
4,,
5,,
5,,
5,,
4,,
5,,
4,,
4,,
5,,
4,,
4,,
5,,
5,,
6,,
5,,
4,,
4,,
5,,
4,,
5,,
6,,
5,,
4,,
4,,
4,,
5,,
4,,
5,,
5,,
5,,
4,,
5,,
5,,
6,,
4,,
4,,
8,,
5,,
5,,
4,,
4,,
5,,
19,,
8,,
4,,
9,,
7,,
17,,
12,,
7,,
4,,
7,,
5,,
4,,
4,,
8,,
10,,
8,,
9,,
4,,
5,,
24,,
6,,
6,,
6,,
5,,
4,,
5,,
5,,
4,,
6,,
5,,
4,,
4,,
4,,
5,,
7,,
7,,
6,,
4,,
6,,
5,,
5,,
4,,
5,,
5,,
4,,
4,,
5,,
4,,
5,,
6,,
7,,
5,,
4,,
4,,
4,,
5,,
6,,
5,,
5,,
5,,
5,,
5,,
5,,
5,,
6,,
5,,
6,,
4,,
5,,
5,,
4,,
4,,
5,,
5,,
5,,
5,,
4,,
5,,
4,,
4,,
6,,
5,,
4,,
5,,
5,,
5,,
5,,
4,,
5,,
5,,
4,,
4,,
5,,
4,,
4,,
4,,
5,,
5,,
4,,
4,,
7,,
5,,
5,,
5,,
6,,
5,,
5,,
5,,
4,,
4,,
5,,
5,,
4,,
4,,
5,,
5,,
5,,
5,,
5,,
4,,
6,,
6,,
5,,
5,,
4,,
4,,
4,,
4,,
7,,
5,,
5,,
5,,
4,,
4,,
5,,
5,,
5,,
6,,
6,,
4,,
5,,
5,,
5,,
5,,
6,,
5,,
5,,
5,,
5,,
5,,
5,,
5,,
10,,
8,,
5,,
4,,
4,,
4,,
4,,
5,,
5,,
4,,
4,,
4,,
4,,
4,,
4,,
7,,
5,,
5,,
5,,
5,,
4,,
4,,
5,,
5,,
4,,
5,,
4,,
4,,
5,,
8,,
9,,
9,,
7,,
6,,
5,,
5,,
5,,
5,,
10,,
7,,
5,,
5,,
5,,
5,,
4,,
6,,
5,,
4,,
4,,
5,,
7,,
7,,
5,,
6,,
6,,
4,,
4,,
5,,
4,,
4,,
5,,
6,,
7,,
5,,
5,,
5,,
5,,
5,,
6,,
5,,
5,,
5,,
5,,
5,,
4,,
5,,
5,,
5,,
4,,
4,,
4,,
4,,
4,,
6,,
5,,
6,,
5,,
6,,
6,,
4,,
4,,
4,,
6,,
4,,
4,,
5,,
4,,
4,,
5,,
8,,
6,,
5,,
5,,
4,,
5,,
5,,
4,,
5,,
4,,
4,,
4,,
4,,
4,,
4,,
6,,
6,,
5,,
4,,
5,,
4,,
9,,
6,,
4,,
5,,
5,,
4,,
5,,
5,,
4,,
5,,
7,,
6,,
4,,
4,,
5,,
4,,
5,,
4,,
5,,
4,,
5,,
4,,
5,,
4,,
4,,
5,,
10,,
5,,
5,,
6,,
4,,
4,,
5,,
4,,
5,,
5,,
5,,
4,,
4,,
5,,
4,,
7,,
4,,
4,,
5,,
5,,
5,,
5,,
4,,
5,,
4,,
5,,
5,,
5,,
5,,
5,,
5,,
5,,
4,,
4,,
4,,
4,,
4,,
5,,
5,,
5,,
7,,
6,,
4,,
3,,
3,,
3,,
3,,
3,,
3,,
3,,
3,,
3,,
2,,
2,,
3,,
2,,
4,,
4,,
3,,
3,,
3,,
3,,
3,,
3,,
3,,
2,,
3,,
3,,
3,,
3,,
2,,
4,,
4,,
3,,
3,,
3,,
3,,
3,,
3,,
3,,
3,,
2,,
3,,
2,,
2,,
3,,
3,,
4,,
3,,
3,,
3,,
3,,
3,,
3,,
3,,
3,,
3,,
3,,
2,,
2,,
2,,
3,,
2,,
3,,
3,,
2,,
3,,
3,,
3,,
4,,
3,,
3,,
3,,
5,,
4,,
3,,
4,,
3,,
3,,
2,,
3,,
3,,
3,,
4,,
3,,
3,,
3,,
3,,
3,,
4,,
2,,
3,,
3,,
3,,
3,,
3,,
3,,
3,,
3,,
4,,
3,,
4,,
3,,
4,,
3,,
3,,
2,,
2,,
3,,
3,,
4,,
3,,
3,,
4,,
3,,
3,,
3,,
4,,
3,,
3,,
2,,
3,,
2,,
3,,
2,,
3,,
3,,
3,,
3,,
3,,
3,,
3,,
3,,
3,,
3,,
3,,
2,,
3,,
3,,
3,,
3,,
3,,
3,,
3,,
3,,
3,,
3,,
3,,
3,,
2,,
3,,
4,,
2,,
3,,
2,,
3,,
3,,
2,,
3,,
2,,
2,,
3,,
5,,
3,,
3,,
3,,
3,,
3,,
3,,
3,,
3,,
2,,
2,,
3,,
3,,
2,,
3,,
3,,
3,,
2,,
3,,
4,,
3,,
3,,
3,,
3,,
3,,
4,,
2,,
3,,
3,,
3,,
3,,
3,,
3,,
3,,
2,,
2,,
3,,
3,,
2,,
3,,
2,,
2,,
3,,
4,,
3,,
3,,
3,,
3,,
2,,
3,,
3,,
3,,
3,,
3,,
3,,
3,,
3,,
3,,
3,,
3,,
3,,
4,,
3,,
3,,
3,,
2,,
3,,
2,,
3,,
3,,
3,,
3,,
3,,
3,,
3,,
3,,
3,,
2,,
3,,
4,,
3,,
2,,
3,,
2,,
2,,
3,,
3,,
3,,
3,,
3,,
3,,
4,,
3,,
3,,
4,,
3,,
3,,
3,,
3,,
3,,
3,,
3,,
3,,
3,,
3,,
3,,
2,,
3,,
3,,
3,,
3,,
3,,
3,,
3,,
3,,
3,,
4,,
3,,
3,,
3,,
3,,
3,,
2,,
2,,
2,,
2,,
3,,
2,,
3,,
2,,
3,,
4,,
4,,
3,,
3,,
3,,
3,,
3,,
3,,
3,,
3,,
2,,
3,,
2,,
3,,
3,,
3,,
3,,
3,,
3,,
3,,
3,,
3,,
3,,
3,,
3,,
2,,
3,,
3,,
3,,
2,,
3,,
4,,
3,,
3,,
3,,
4,,
3,,
3,,
3,,
3,,
3,,
3,,
3,,
3,,
3,,
2,,
3,,
2,,
2,,
3,,
7,,
2,,
7,,
4,,
4,,
4,,
4,,
8,,
4,,
5,,
4,,
5,,
4,,
4,,
5,,
8,,
5,,
5,,
4,,
4,,
5,,
4,,
6,,
5,,
4,,
4,,
4,,
5,,
5,,
5,,
6,,
6,,
6,,
4,,
4,,
4,,
5,,
6,,
5,,
5,,
4,,
5,,
5,,
5,,
6,,
6,,
5,,
4,,
5,,
5,,
4,,
4,,
5,,
5,,
5,,
4,,
5,,
5,,
5,,
4,,
5,,
5,,
5,,
5,,
4,,
5,,
5,,
5,,
6,,
5,,
25,,
5,,
5,,
5,,
4,,
7,,
5,,
5,,
4,,
5,,
10,,
8,,
6,,
5,,
4,,
4,,
4,,
9,,
6,,
5,,
5,,
6,,
5,,
5,,
5,,
11,,
5,,
4,,
5,,
5,,
5,,
5,,
19,,
7,,
5,,
5,,
5,,
4,,
5,,
6,,
5,,
6,,
6,,
4,,
4,,
5,,
5,,
5,,
4,,
4,,
5,,
4,,
5,,
5,,
5,,
5,,
5,,
5,,
6,,
5,,
4,,
4,,
5,,
6,,
5,,
5,,
4,,
5,,
5,,
20,,
6,,
5,,
5,,
5,,
6,,
4,,
5,,
5,,
5,,
5,,
5,,
4,,
4,,
5,,
5,,
5,,
4,,
5,,
4,,
5,,
5,,
4,,
16,,
5,,
5,,
4,,
5,,
5,,
5,,
6,,
4,,
5,,
4,,
4,,
4,,
5,,
5,,
9,,
5,,
4,,
5,,
5,,
5,,
4,,
5,,
6,,
5,,
4,,
4,,
5,,
5,,
5,,
12,,
6,,
7,,
4,,
4,,
4,,
4,,
5,,
5,,
5,,
4,,
5,,
5,,
4,,
5,,
6,,
6,,
6,,
6,,
5,,
4,,
5,,
5,,
8,,
6,,
5,,
4,,
5,,
4,,
5,,
5,,
4,,
5,,
5,,
5,,
5,,
4,,
4,,
6,,
5,,
4,,
5,,
5,,
5,,
4,,
9,,
4,,
5,,
5,,
5,,
6,,
5,,
5,,
5,,
4,,
6,,
5,,
5,,
5,,
4,,
5,,
3,,
3,,
2,,
3,,
3,,
3,,
3,,
3,,
3,,
3,,
3,,
3,,
3,,
6,,
6,,
4,,
3,,
3,,
3,,
3,,
2,,
3,,
3,,
2,,
3,,
3,,
2,,
2,,
4,,
3,,
6,,
3,,
3,,
3,,
2,,
2,,
2,,
2,,
2,,
4,,
3,,
7,,
5,,
4,,
2,,
2,,
3,,
3,,
2,,
3,,
3,,
2,,
3,,
2,,
3,,
3,,
2,,
3,,
3,,
3,,
2,,
3,,
3,,
3,,
2,,
3,,
3,,
3,,
2,,
2,,
3,,
3,,
2,,
2,,
2,,
3,,
2,,
7,,
4,,
4,,
4,,
3,,
4,,
4,,
3,,
2,,
3,,
4,,
3,,
3,,
3,,
2,,
3,,
3,,
3,,
3,,
3,,
3,,
3,,
3,,
3,,
2,,
3,,
2,,
3,,
2,,
2,,
3,,
2,,
2,,
2,,
2,,
2,,
2,,
2,,
3,,
3,,
3,,
3,,
3,,
3,,
3,,
3,,
3,,
2,,
3,,
3,,
3,,
3,,
3,,
2,,
3,,
3,,
3,,
3,,
3,,
2,,
3,,
3,,
3,,
3,,
2,,
2,,
3,,
3,,
3,,
3,,
2,,
3,,
3,,
3,,
3,,
2,,
3,,
3,,
3,,
3,,
3,,
3,,
4,,
3,,
2,,
3,,
3,,
2,,
3,,
3,,
3,,
2,,
2,,
2,,
4,,
3,,
3,,
4,,
4,,
4,,
3,,
3,,
3,,
2,,
2,,
3,,
3,,
2,,
3,,
2,,
3,,
2,,
3,,
2,,
3,,
2,,
3,,
3,,
2,,
3,,
3,,
3,,
3,,
2,,
5,,
5,,
8,,
5,,
4,,
5,,
5,,
4,,
5,,
5,,
5,,
4,,
4,,
4,,
4,,
5,,
6,,
4,,
4,,
5,,
4,,
7,,
5,,
6,,
5,,
5,,
4,,
4,,
4,,
4,,
4,,
6,,
5,,
5,,
4,,
5,,
4,,
5,,
4,,
7,,
6,,
5,,
5,,
5,,
4,,
5,,
5,,
5,,
5,,
4,,
4,,
4,,
5,,
4,,
4,,
8,,
8,,
6,,
5,,
5,,
4,,
6,,
4,,
4,,
4,,
4,,
4,,
4,,
4,,
5,,
7,,
5,,
4,,
4,,
5,,
4,,
6,,
4,,
5,,
5,,
5,,
5,,
5,,
5,,
7,,
5,,
5,,
7,,
5,,
4,,
4,,
5,,
4,,
5,,
5,,
4,,
4,,
4,,
5,,
6,,
4,,
4,,
4,,
5,,
4,,
5,,
5,,
4,,
7,,
4,,
4,,
5,,
5,,
5,,
8,,
8,,
6,,
5,,
4,,
5,,
4,,
6,,
5,,
6,,
6,,
4,,
5,,
4,,
5,,
18,,
5,,
7,,
6,,
6,,
5,,
5,,
6,,
6,,
6,,
7,,
6,,
5,,
5,,
5,,
7,,
6,,
5,,
5,,
5,,
5,,
4,,
5,,
7,,
11,,
5,,
5,,
4,,
4,,
4,,
5,,
5,,
3,,
4,,
2,,
3,,
3,,
3,,
2,,
2,,
3,,
3,,
3,,
3,,
3,,
3,,
3,,
3,,
3,,
5,,
3,,
3,,
2,,
3,,
2,,
3,,
2,,
2,,
2,,
2,,
2,,
3,,
2,,
3,,
2,,
2,,
4,,
3,,
2,,
2,,
3,,
3,,
3,,
3,,
3,,
3,,
3,,
3,,
3,,
3,,
3,,
3,,
3,,
3,,
3,,
3,,
3,,
3,,
3,,
3,,
2,,
3,,
3,,
3,,
3,,
3,,
3,,
3,,
3,,
2,,
3,,
4,,
3,,
3,,
2,,
2,,
3,,
3,,
4,,
4,,
3,,
2,,
3,,
3,,
3,,
2,,
3,,
3,,
3,,
3,,
3,,
3,,
3,,
2,,
3,,
3,,
3,,
3,,
3,,
4,,
3,,
3,,
2,,
3,,
2,,
2,,
3,,
3,,
2,,
4,,
3,,
3,,
3,,
3,,
3,,
2,,
2,,
2,,
3,,
3,,
3,,
2,,
3,,
2,,
4,,
2,,
3,,
3,,
3,,
2,,
2,,
2,,
3,,
3,,
3,,
3,,
3,,
2,,
3,,
5,,
5,,
5,,
4,,
6,,
4,,
5,,
4,,
4,,
6,,
5,,
4,,
5,,
4,,
4,,
4,,
4,,
6,,
6,,
5,,
5,,
5,,
5,,
4,,
6,,
10,,
5,,
5,,
5,,
4,,
5,,
4,,
4,,
8,,
5,,
4,,
4,,
5,,
4,,
5,,
6,,
5,,
4,,
5,,
4,,
5,,
5,,
5,,
5,,
5,,
5,,
4,,
4,,
5,,
4,,
7,,
5,,
4,,
5,,
5,,
4,,
7,,
7,,
5,,
4,,
5,,
4,,
5,,
5,,
5,,
5,,
5,,
4,,
5,,
5,,
5,,
5,,
6,,
5,,
5,,
5,,
5,,
4,,
5,,
4,,
8,,
10,,
8,,
5,,
5,,
19,,
8,,
6,,
20,,
5,,
6,,
6,,
13,,
6,,
7,,
4,,
5,,
4,,
4,,
4,,
8,,
7,,
8,,
5,,
4,,
5,,
4,,
4,,
7,,
6,,
3,,
4,,
3,,
4,,
3,,
3,,
3,,
3,,
3,,
3,,
3,,
3,,
3,,
3,,
3,,
3,,
2,,
3,,
2,,
3,,
2,,
2,,
3,,
3,,
2,,
2,,
2,,
3,,
2,,
3,,
4,,
5,,
4,,
3,,
3,,
3,,
3,,
3,,
3,,
3,,
2,,
3,,
2,,
2,,
2,,
2,,
2,,
3,,
2,,
3,,
3,,
3,,
3,,
3,,
3,,
2,,
2,,
2,,
2,,
2,,
2,,
3,,
3,,
4,,
3,,
3,,
2,,
2,,
3,,
2,,
2,,
2,,
3,,
3,,
3,,
3,,
3,,
3,,
3,,
2,,
4,,
2,,
3,,
3,,
3,,
3,,
3,,
2,,
3,,
3,,
2,,
3,,
2,,
2,,
3,,
3,,
3,,
4,,
4,,
2,,
3,,
5,,
4,,
5,,
5,,
4,,
8,,
7,,
5,,
4,,
4,,
5,,
5,,
5,,
4,,
4,,
4,,
4,,
4,,
4,,
5,,
5,,
8,,
6,,
5,,
5,,
4,,
5,,
4,,
4,,
5,,
4,,
4,,
5,,
5,,
4,,
5,,
5,,
5,,
6,,
6,,
6,,
5,,
5,,
6,,
5,,
5,,
5,,
4,,
4,,
4,,
4,,
5,,
5,,
5,,
6,,
6,,
9,,
5,,
4,,
8,,
5,,
5,,
5,,
5,,
5,,
5,,
5,,
7,,
8,,
4,,
4,,
7,,
5,,
5,,
4,,
6,,
5,,
4,,
4,,
5,,
5,,
4,,
5,,
4,,
5,,
6,,
5,,
3,,
3,,
2,,
3,,
3,,
3,,
2,,
2,,
2,,
3,,
3,,
3,,
3,,
3,,
3,,
3,,
2,,
2,,
2,,
3,,
3,,
2,,
3,,
2,,
3,,
3,,
2,,
3,,
3,,
6,,
3,,
3,,
3,,
3,,
3,,
3,,
2,,
2,,
3,,
3,,
2,,
3,,
3,,
3,,
3,,
3,,
3,,
3,,
3,,
2,,
3,,
3,,
2,,
3,,
3,,
3,,
2,,
9,,
5,,
3,,
3,,
3,,
3,,
3,,
2,,
2,,
2,,
3,,
3,,
3,,
2,,
2,,
2,,
2,,
3,,
3,,
4,,
3,,
8,,
11,,
12,,
8,,
12,,
6,,
5,,
4,,
5,,
5,,
6,,
12,,
6,,
5,,
4,,
7,,
4,,
5,,
7,,
6,,
5,,
5,,
5,,
5,,
4,,
5,,
6,,
5,,
5,,
4,,
5,,
5,,
6,,
4,,
5,,
4,,
5,,
4,,
4,,
4,,
10,,
6,,
4,,
5,,
6,,
5,,
7,,
8,,
5,,
5,,
4,,
5,,
4,,
5,,
8,,
4,,
4,,
4,,
5,,
5,,
5,,
7,,
4,,
5,,
5,,
5,,
7,,
5,,
4,,
3,,
3,,
3,,
3,,
3,,
3,,
2,,
3,,
2,,
3,,
3,,
3,,
3,,
3,,
3,,
2,,
3,,
3,,
3,,
3,,
3,,
3,,
2,,
3,,
3,,
3,,
3,,
3,,
3,,
2,,
3,,
3,,
3,,
3,,
2,,
3,,
3,,
3,,
3,,
3,,
3,,
3,,
3,,
2,,
3,,
3,,
3,,
3,,
3,,
4,,
4,,
2,,
2,,
2,,
3,,
3,,
3,,
2,,
3,,
3,,
3,,
3,,
2,,
5,,
8,,
5,,
5,,
5,,
5,,
4,,
4,,
4,,
5,,
6,,
5,,
5,,
4,,
5,,
4,,
5,,
6,,
4,,
5,,
5,,
5,,
5,,
4,,
9,,
6,,
5,,
4,,
4,,
5,,
6,,
5,,
5,,
5,,
5,,
4,,
4,,
4,,
4,,
7,,
5,,
4,,
4,,
4,,
5,,
6,,
4,,
6,,
4,,
5,,
5,,
4,,
4,,
6,,
7,,
5,,
4,,
3,,
2,,
3,,
2,,
3,,
3,,
2,,
3,,
3,,
7,,
3,,
3,,
3,,
3,,
3,,
3,,
3,,
2,,
3,,
2,,
2,,
2,,
2,,
3,,
3,,
3,,
4,,
3,,
3,,
4,,
4,,
3,,
3,,
2,,
2,,
2,,
3,,
3,,
2,,
2,,
2,,
2,,
3,,
3,,
4,,
3,,
2,,
3,,
2,,
2,,
3,,
3,,
5,,
4,,
10,,
12,,
7,,
5,,
5,,
4,,
4,,
5,,
6,,
8,,
5,,
4,,
5,,
5,,
5,,
7,,
7,,
6,,
5,,
5,,
4,,
5,,
4,,
22,,
9,,
5,,
6,,
7,,
5,,
6,,
5,,
5,,
5,,
6,,
5,,
4,,
8,,
6,,
6,,
5,,
4,,
4,,
4,,
5,,
5,,
3,,
3,,
3,,
3,,
3,,
2,,
3,,
2,,
3,,
3,,
2,,
3,,
4,,
3,,
3,,
3,,
3,,
3,,
3,,
3,,
3,,
2,,
3,,
3,,
2,,
2,,
2,,
2,,
3,,
2,,
2,,
3,,
2,,
2,,
4,,
3,,
3,,
2,,
3,,
3,,
3,,
2,,
2,,
3,,
4,,
4,,
6,,
6,,
9,,
5,,
4,,
4,,
4,,
4,,
5,,
4,,
5,,
5,,
4,,
4,,
4,,
4,,
4,,
8,,
4,,
4,,
4,,
5,,
5,,
5,,
5,,
5,,
4,,
5,,
7,,
4,,
4,,
9,,
7,,
5,,
4,,
4,,
5,,
4,,
4,,
3,,
3,,
3,,
3,,
3,,
17,,
3,,
3,,
3,,
3,,
3,,
2,,
3,,
2,,
3,,
3,,
3,,
3,,
3,,
3,,
3,,
3,,
3,,
3,,
3,,
3,,
3,,
2,,
2,,
2,,
2,,
2,,
3,,
2,,
3,,
2,,
2,,
5,,
8,,
5,,
4,,
4,,
4,,
9,,
4,,
8,,
5,,
4,,
5,,
5,,
5,,
5,,
5,,
4,,
5,,
5,,
6,,
4,,
4,,
5,,
6,,
6,,
5,,
5,,
5,,
4,,
4,,
4,,
5,,
6,,
5,,
6,,
2,,
3,,
3,,
3,,
3,,
3,,
4,,
3,,
6,,
3,,
3,,
2,,
3,,
3,,
2,,
3,,
3,,
3,,
3,,
2,,
3,,
2,,
3,,
3,,
3,,
2,,
3,,
3,,
3,,
5,,
3,,
3,,
3,,
5,,
5,,
4,,
4,,
5,,
5,,
5,,
5,,
4,,
4,,
6,,
5,,
10,,
8,,
5,,
4,,
6,,
4,,
5,,
9,,
14,,
21,,
5,,
6,,
13,,
7,,
4,,
5,,
5,,
4,,
5,,
3,,
3,,
2,,
2,,
2,,
2,,
5,,
4,,
7,,
2,,
4,,
3,,
3,,
3,,
4,,
3,,
3,,
4,,
3,,
3,,
3,,
2,,
3,,
3,,
4,,
3,,
3,,
2,,
3,,
5,,
4,,
4,,
4,,
6,,
6,,
4,,
5,,
5,,
5,,
5,,
5,,
4,,
5,,
4,,
5,,
4,,
5,,
4,,
5,,
5,,
5,,
4,,
4,,
4,,
5,,
5,,
4,,
3,,
3,,
3,,
3,,
3,,
3,,
3,,
2,,
3,,
3,,
3,,
4,,
3,,
4,,
3,,
3,,
3,,
3,,
3,,
3,,
3,,
3,,
2,,
3,,
2,,
2,,
5,,
6,,
5,,
4,,
5,,
5,,
6,,
5,,
7,,
4,,
4,,
4,,
4,,
4,,
5,,
5,,
5,,
4,,
5,,
4,,
5,,
5,,
8,,
6,,
3,,
4,,
3,,
3,,
3,,
3,,
3,,
3,,
3,,
3,,
3,,
3,,
3,,
6,,
3,,
3,,
3,,
3,,
3,,
3,,
3,,
2,,
3,,
4,,
4,,
4,,
7,,
20,,
6,,
4,,
4,,
5,,
4,,
5,,
4,,
5,,
4,,
4,,
4,,
4,,
4,,
5,,
7,,
5,,
5,,
3,,
2,,
3,,
2,,
3,,
3,,
3,,
3,,
3,,
2,,
3,,
3,,
3,,
3,,
3,,
3,,
3,,
3,,
3,,
3,,
3,,
4,,
5,,
4,,
5,,
7,,
5,,
4,,
5,,
4,,
4,,
5,,
5,,
5,,
5,,
5,,
5,,
6,,
4,,
5,,
5,,
3,,
3,,
3,,
3,,
6,,
3,,
2,,
2,,
3,,
3,,
3,,
2,,
3,,
2,,
3,,
3,,
3,,
3,,
3,,
4,,
4,,
5,,
4,,
4,,
4,,
6,,
6,,
5,,
4,,
4,,
4,,
5,,
6,,
4,,
5,,
4,,
4,,
4,,
3,,
3,,
3,,
3,,
2,,
3,,
3,,
3,,
3,,
2,,
3,,
3,,
3,,
3,,
4,,
4,,
3,,
4,,
9,,
8,,
6,,
7,,
4,,
4,,
5,,
10,,
7,,
6,,
9,,
9,,
8,,
8,,
6,,
5,,
3,,
2,,
3,,
3,,
3,,
2,,
3,,
3,,
4,,
3,,
3,,
3,,
3,,
3,,
3,,
3,,
5,,
4,,
5,,
8,,
5,,
5,,
5,,
4,,
4,,
5,,
5,,
5,,
4,,
4,,
5,,
5,,
3,,
3,,
3,,
2,,
3,,
3,,
3,,
3,,
3,,
3,,
3,,
3,,
3,,
3,,
4,,
5,,
5,,
10,,
6,,
6,,
7,,
5,,
7,,
5,,
4,,
5,,
4,,
4,,
6,,
3,,
4,,
3,,
3,,
3,,
3,,
3,,
3,,
3,,
3,,
2,,
3,,
3,,
3,,
4,,
4,,
6,,
5,,
5,,
4,,
4,,
5,,
4,,
8,,
6,,
7,,
4,,
3,,
3,,
3,,
3,,
3,,
3,,
3,,
3,,
3,,
4,,
3,,
3,,
4,,
4,,
4,,
4,,
4,,
4,,
5,,
6,,
6,,
7,,
4,,
4,,
5,,
3,,
3,,
3,,
3,,
3,,
3,,
2,,
3,,
3,,
2,,
3,,
3,,
4,,
4,,
4,,
5,,
10,,
6,,
5,,
4,,
5,,
5,,
4,,
5,,
4,,
3,,
3,,
4,,
2,,
3,,
3,,
2,,
3,,
3,,
3,,
5,,
4,,
4,,
7,,
5,,
5,,
5,,
4,,
5,,
4,,
6,,
4,,
3,,
3,,
2,,
3,,
3,,
3,,
3,,
3,,
3,,
3,,
5,,
4,,
4,,
7,,
6,,
8,,
5,,
5,,
4,,
5,,
3,,
3,,
3,,
3,,
3,,
3,,
3,,
3,,
3,,
3,,
5,,
5,,
4,,
4,,
10,,
7,,
5,,
5,,
4,,
3,,
3,,
3,,
3,,
3,,
3,,
3,,
3,,
3,,
2,,
5,,
6,,
5,,
4,,
4,,
4,,
5,,
5,,
7,,
3,,
3,,
3,,
3,,
3,,
3,,
3,,
2,,
3,,
4,,
4,,
6,,
6,,
5,,
5,,
5,,
5,,
6,,
5,,
3,,
10,,
4,,
3,,
4,,
4,,
4,,
7,,
4,,
5,,
13,,
7,,
7,,
6,,
4,,
3,,
3,,
3,,
3,,
2,,
2,,
3,,
3,,
5,,
5,,
4,,
4,,
4,,
5,,
5,,
5,,
4,,
4,,
3,,
4,,
4,,
3,,
2,,
4,,
4,,
4,,
6,,
10,,
4,,
4,,
4,,
3,,
3,,
3,,
3,,
3,,
3,,
3,,
5,,
5,,
6,,
5,,
4,,
4,,
5,,
4,,
4,,
3,,
3,,
3,,
2,,
3,,
4,,
4,,
4,,
16,,
5,,
5,,
8,,
3,,
3,,
3,,
2,,
3,,
3,,
2,,
4,,
4,,
7,,
7,,
4,,
4,,
3,,
3,,
3,,
3,,
2,,
3,,
4,,
5,,
8,,
4,,
4,,
4,,
2,,
3,,
3,,
3,,
4,,
3,,
3,,
5,,
11,,
5,,
4,,
4,,
3,,
3,,
2,,
7,,
4,,
3,,
5,,
5,,
5,,
5,,
4,,
5,,
3,,
3,,
3,,
3,,
4,,
3,,
6,,
5,,
5,,
4,,
4,,
3,,
3,,
4,,
3,,
3,,
4,,
5,,
5,,
4,,
5,,
4,,
3,,
3,,
3,,
2,,
3,,
4,,
5,,
5,,
4,,
4,,
3,,
3,,
3,,
2,,
2,,
4,,
4,,
5,,
5,,
4,,
3,,
4,,
3,,
3,,
5,,
4,,
6,,
5,,
5,,
3,,
3,,
3,,
3,,
3,,
4,,
4,,
4,,
4,,
3,,
2,,
3,,
3,,
3,,
4,,
5,,
5,,
4,,
3,,
3,,
2,,
2,,
2,,
6,,
4,,
5,,
6,,
4,,
3,,
3,,
3,,
5,,
4,,
4,,
4,,
3,,
