367,,4.108410339
57,,
93,,
60,,
54,,
55,,
55,,
111,,
70,,
73,,
16,,
12,,
19,,
16,,
11,,
16,,
11,,
16,,
13,,
23,,
13,,
16,,
11,,
14,,
11,,
12,,
15,,
8,,
9,,
13,,
9,,
8,,
9,,
14,,
9,,
15,,
10,,
19,,
20,,
11,,
9,,
23,,
16,,
17,,
16,,
8,,
12,,
14,,
10,,
12,,
10,,
9,,
14,,
13,,
10,,
9,,
9,,
8,,
12,,
9,,
12,,
15,,
7,,
8,,
6,,
6,,
13,,
10,,
8,,
16,,
8,,
10,,
7,,
6,,
7,,
6,,
14,,
10,,
10,,
8,,
12,,
7,,
7,,
8,,
12,,
15,,
16,,
11,,
8,,
7,,
5,,
10,,
16,,
10,,
8,,
6,,
8,,
6,,
59,,
80,,
29,,
35,,
32,,
97,,
5,,
4,,
8,,
3,,
5,,
5,,
6,,
3,,
3,,
4,,
4,,
3,,
3,,
4,,
6,,
16,,
3,,
3,,
3,,
5,,
5,,
7,,
5,,
3,,
5,,
5,,
8,,
8,,
5,,
3,,
3,,
6,,
7,,
3,,
5,,
4,,
5,,
4,,
3,,
3,,
3,,
3,,
5,,
3,,
6,,
6,,
2,,
5,,
5,,
6,,
3,,
3,,
3,,
3,,
3,,
5,,
5,,
7,,
5,,
5,,
3,,
5,,
3,,
4,,
6,,
5,,
5,,
3,,
5,,
5,,
5,,
7,,
6,,
3,,
3,,
5,,
5,,
5,,
7,,
3,,
5,,
5,,
3,,
3,,
2,,
6,,
9,,
2,,
19,,
4,,
5,,
5,,
5,,
6,,
3,,
3,,
6,,
3,,
6,,
5,,
6,,
2,,
3,,
3,,
3,,
2,,
5,,
3,,
5,,
3,,
5,,
6,,
4,,
5,,
9,,
7,,
20,,
7,,
7,,
6,,
7,,
4,,
4,,
5,,
3,,
3,,
6,,
2,,
4,,
3,,
5,,
5,,
5,,
5,,
10,,
3,,
3,,
3,,
6,,
5,,
3,,
15,,
3,,
4,,
3,,
5,,
6,,
3,,
5,,
6,,
2,,
3,,
4,,
4,,
5,,
6,,
6,,
5,,
5,,
3,,
3,,
3,,
5,,
7,,
5,,
2,,
10,,
5,,
3,,
5,,
5,,
6,,
4,,
5,,
2,,
5,,
2,,
7,,
4,,
4,,
5,,
6,,
4,,
3,,
5,,
5,,
5,,
5,,
3,,
4,,
2,,
3,,
3,,
4,,
3,,
2,,
18,,
5,,
3,,
3,,
6,,
6,,
5,,
2,,
6,,
4,,
5,,
8,,
11,,
4,,
7,,
3,,
2,,
5,,
8,,
5,,
6,,
5,,
6,,
3,,
18,,
4,,
6,,
3,,
6,,
3,,
5,,
3,,
9,,
3,,
5,,
4,,
3,,
5,,
2,,
6,,
5,,
4,,
7,,
5,,
3,,
3,,
6,,
6,,
3,,
4,,
5,,
5,,
3,,
4,,
5,,
6,,
5,,
3,,
3,,
3,,
3,,
5,,
9,,
5,,
6,,
5,,
3,,
2,,
5,,
4,,
3,,
4,,
2,,
3,,
3,,
4,,
3,,
3,,
3,,
2,,
4,,
3,,
2,,
4,,
6,,
5,,
5,,
10,,
5,,
5,,
3,,
3,,
2,,
3,,
7,,
12,,
8,,
4,,
3,,
5,,
7,,
7,,
7,,
4,,
3,,
5,,
6,,
5,,
4,,
2,,
6,,
4,,
3,,
3,,
6,,
7,,
3,,
5,,
5,,
7,,
4,,
6,,
7,,
3,,
5,,
7,,
4,,
3,,
14,,
4,,
2,,
5,,
3,,
6,,
5,,
3,,
5,,
6,,
3,,
7,,
3,,
3,,
5,,
3,,
10,,
2,,
3,,
6,,
2,,
4,,
3,,
6,,
3,,
3,,
4,,
3,,
5,,
4,,
5,,
3,,
5,,
2,,
5,,
6,,
3,,
5,,
3,,
5,,
2,,
7,,
3,,
5,,
4,,
6,,
4,,
4,,
9,,
7,,
5,,
7,,
5,,
6,,
8,,
5,,
5,,
5,,
10,,
5,,
7,,
3,,
6,,
3,,
6,,
6,,
3,,
6,,
2,,
5,,
3,,
6,,
8,,
3,,
5,,
4,,
6,,
3,,
3,,
8,,
8,,
5,,
4,,
4,,
5,,
2,,
12,,
4,,
2,,
5,,
8,,
6,,
7,,
4,,
5,,
3,,
8,,
5,,
3,,
3,,
5,,
3,,
6,,
5,,
3,,
5,,
6,,
3,,
5,,
6,,
3,,
5,,
5,,
4,,
6,,
5,,
3,,
7,,
5,,
3,,
6,,
6,,
3,,
5,,
6,,
3,,
2,,
6,,
3,,
3,,
5,,
6,,
3,,
4,,
5,,
4,,
3,,
5,,
4,,
2,,
5,,
5,,
4,,
3,,
9,,
5,,
3,,
5,,
5,,
6,,
5,,
5,,
7,,
3,,
3,,
7,,
3,,
3,,
6,,
6,,
3,,
2,,
5,,
7,,
3,,
3,,
5,,
5,,
3,,
2,,
8,,
5,,
2,,
4,,
7,,
6,,
3,,
4,,
3,,
5,,
5,,
4,,
3,,
6,,
5,,
2,,
3,,
5,,
5,,
3,,
3,,
3,,
8,,
4,,
2,,
3,,
9,,
6,,
5,,
3,,
3,,
6,,
5,,
2,,
4,,
2,,
5,,
5,,
3,,
3,,
2,,
6,,
5,,
3,,
3,,
3,,
5,,
4,,
3,,
3,,
2,,
5,,
6,,
3,,
2,,
4,,
9,,
5,,
5,,
3,,
3,,
8,,
5,,
6,,
3,,
2,,
3,,
6,,
7,,
6,,
4,,
4,,
5,,
4,,
10,,
4,,
3,,
6,,
6,,
5,,
7,,
4,,
3,,
3,,
5,,
5,,
5,,
4,,
3,,
3,,
5,,
6,,
5,,
4,,
4,,
3,,
3,,
5,,
7,,
6,,
5,,
6,,
4,,
5,,
5,,
6,,
3,,
2,,
2,,
3,,
6,,
5,,
10,,
4,,
2,,
3,,
3,,
6,,
4,,
5,,
5,,
3,,
3,,
3,,
6,,
22,,
7,,
3,,
3,,
3,,
2,,
6,,
6,,
5,,
7,,
7,,
6,,
5,,
5,,
8,,
8,,
11,,
6,,
3,,
3,,
6,,
6,,
4,,
6,,
8,,
2,,
3,,
5,,
3,,
5,,
5,,
8,,
6,,
3,,
8,,
3,,
3,,
5,,
5,,
6,,
6,,
4,,
3,,
3,,
5,,
5,,
5,,
6,,
6,,
7,,
8,,
5,,
4,,
3,,
4,,
6,,
6,,
6,,
6,,
3,,
3,,
2,,
3,,
4,,
7,,
12,,
7,,
5,,
3,,
3,,
4,,
3,,
2,,
6,,
5,,
5,,
5,,
6,,
3,,
3,,
2,,
3,,
3,,
5,,
5,,
6,,
5,,
5,,
3,,
2,,
3,,
3,,
3,,
5,,
4,,
6,,
6,,
5,,
5,,
3,,
3,,
3,,
3,,
6,,
5,,
5,,
6,,
9,,
5,,
3,,
4,,
3,,
3,,
3,,
6,,
5,,
9,,
5,,
7,,
6,,
2,,
6,,
8,,
6,,
8,,
4,,
6,,
8,,
6,,
6,,
8,,
5,,
2,,
3,,
3,,
3,,
2,,
3,,
7,,
4,,
5,,
5,,
4,,
10,,
7,,
6,,
3,,
3,,
3,,
3,,
5,,
6,,
5,,
5,,
5,,
5,,
3,,
4,,
5,,
2,,
3,,
3,,
3,,
5,,
6,,
6,,
6,,
6,,
5,,
6,,
4,,
4,,
3,,
4,,
3,,
3,,
5,,
5,,
7,,
5,,
7,,
6,,
5,,
2,,
5,,
3,,
3,,
3,,
4,,
4,,
2,,
5,,
7,,
5,,
5,,
7,,
6,,
5,,
5,,
3,,
3,,
3,,
4,,
3,,
3,,
9,,
7,,
4,,
5,,
12,,
7,,
5,,
7,,
4,,
5,,
7,,
4,,
4,,
3,,
3,,
5,,
6,,
4,,
6,,
6,,
5,,
5,,
6,,
5,,
7,,
3,,
3,,
2,,
3,,
3,,
3,,
2,,
2,,
6,,
9,,
5,,
6,,
5,,
5,,
7,,
6,,
3,,
3,,
3,,
2,,
3,,
2,,
9,,
3,,
3,,
6,,
6,,
6,,
5,,
6,,
6,,
5,,
6,,
6,,
4,,
4,,
4,,
4,,
2,,
4,,
2,,
3,,
5,,
5,,
8,,
6,,
6,,
5,,
11,,
5,,
5,,
6,,
5,,
2,,
2,,
5,,
3,,
3,,
3,,
3,,
3,,
3,,
6,,
8,,
6,,
6,,
10,,
7,,
7,,
5,,
8,,
7,,
6,,
3,,
5,,
3,,
3,,
2,,
3,,
2,,
2,,
2,,
2,,
8,,
6,,
4,,
5,,
4,,
6,,
6,,
5,,
5,,
4,,
7,,
3,,
3,,
3,,
4,,
3,,
3,,
3,,
3,,
3,,
3,,
3,,
22,,
5,,
5,,
5,,
7,,
4,,
5,,
6,,
6,,
6,,
6,,
3,,
3,,
2,,
7,,
3,,
3,,
3,,
4,,
2,,
3,,
3,,
3,,
6,,
12,,
5,,
5,,
8,,
5,,
6,,
13,,
5,,
5,,
6,,
5,,
3,,
3,,
5,,
4,,
2,,
5,,
3,,
3,,
3,,
3,,
3,,
3,,
2,,
5,,
5,,
5,,
5,,
8,,
7,,
6,,
7,,
7,,
5,,
7,,
4,,
5,,
3,,
4,,
3,,
2,,
4,,
2,,
3,,
3,,
4,,
4,,
2,,
3,,
3,,
3,,
5,,
5,,
7,,
5,,
4,,
8,,
9,,
6,,
4,,
6,,
5,,
5,,
6,,
5,,
2,,
4,,
3,,
3,,
3,,
5,,
3,,
3,,
4,,
3,,
3,,
2,,
3,,
3,,
5,,
7,,
5,,
8,,
6,,
5,,
7,,
6,,
5,,
5,,
7,,
5,,
6,,
7,,
4,,
6,,
2,,
4,,
2,,
3,,
3,,
3,,
3,,
3,,
2,,
2,,
3,,
3,,
3,,
3,,
3,,
5,,
5,,
5,,
6,,
5,,
7,,
6,,
5,,
6,,
6,,
5,,
6,,
11,,
5,,
6,,
7,,
5,,
11,,
6,,
2,,
4,,
3,,
3,,
2,,
3,,
3,,
3,,
3,,
3,,
4,,
3,,
3,,
3,,
3,,
6,,
5,,
5,,
5,,
5,,
5,,
5,,
6,,
5,,
5,,
6,,
5,,
5,,
5,,
6,,
5,,
7,,
5,,
2,,
3,,
3,,
3,,
3,,
3,,
3,,
3,,
4,,
3,,
3,,
3,,
2,,
2,,
3,,
4,,
4,,
2,,
3,,
5,,
5,,
5,,
6,,
6,,
5,,
7,,
6,,
5,,
5,,
7,,
5,,
8,,
5,,
5,,
6,,
5,,
4,,
5,,
5,,
3,,
3,,
3,,
3,,
3,,
3,,
2,,
3,,
5,,
10,,
5,,
3,,
3,,
3,,
2,,
4,,
4,,
3,,
3,,
3,,
6,,
6,,
7,,
5,,
5,,
7,,
6,,
5,,
6,,
6,,
6,,
7,,
6,,
5,,
5,,
5,,
6,,
5,,
5,,
5,,
4,,
2,,
4,,
4,,
3,,
2,,
3,,
3,,
3,,
3,,
3,,
5,,
2,,
2,,
2,,
2,,
3,,
3,,
3,,
5,,
3,,
3,,
2,,
4,,
6,,
5,,
5,,
21,,
5,,
6,,
7,,
4,,
4,,
6,,
5,,
4,,
5,,
5,,
5,,
9,,
7,,
5,,
5,,
7,,
6,,
5,,
7,,
6,,
3,,
2,,
4,,
5,,
4,,
2,,
3,,
3,,
6,,
2,,
2,,
3,,
5,,
4,,
2,,
6,,
5,,
4,,
3,,
4,,
2,,
3,,
3,,
3,,
2,,
5,,
4,,
5,,
6,,
6,,
5,,
5,,
4,,
6,,
4,,
5,,
5,,
5,,
5,,
4,,
5,,
5,,
5,,
5,,
5,,
5,,
5,,
4,,
5,,
5,,
5,,
5,,
3,,
3,,
2,,
3,,
3,,
2,,
3,,
3,,
3,,
3,,
3,,
3,,
2,,
2,,
3,,
3,,
3,,
3,,
2,,
3,,
3,,
2,,
2,,
3,,
3,,
3,,
3,,
3,,
4,,
4,,
5,,
6,,
4,,
4,,
4,,
4,,
5,,
4,,
4,,
5,,
5,,
4,,
5,,
5,,
4,,
4,,
4,,
4,,
4,,
5,,
5,,
5,,
5,,
5,,
5,,
5,,
5,,
4,,
3,,
3,,
3,,
2,,
3,,
3,,
2,,
2,,
3,,
3,,
4,,
3,,
3,,
3,,
2,,
2,,
3,,
3,,
3,,
3,,
3,,
3,,
3,,
3,,
2,,
2,,
2,,
4,,
2,,
3,,
2,,
2,,
4,,
5,,
4,,
5,,
4,,
4,,
4,,
5,,
5,,
5,,
4,,
5,,
4,,
5,,
5,,
5,,
5,,
5,,
5,,
5,,
6,,
4,,
4,,
4,,
5,,
4,,
6,,
5,,
5,,
4,,
5,,
5,,
5,,
6,,
3,,
2,,
3,,
3,,
2,,
3,,
2,,
2,,
2,,
2,,
3,,
2,,
3,,
3,,
2,,
2,,
2,,
2,,
3,,
2,,
2,,
3,,
3,,
2,,
2,,
3,,
3,,
2,,
2,,
3,,
4,,
3,,
2,,
2,,
2,,
3,,
4,,
4,,
4,,
5,,
5,,
5,,
4,,
7,,
4,,
5,,
5,,
5,,
5,,
5,,
4,,
5,,
4,,
5,,
4,,
6,,
5,,
5,,
4,,
5,,
5,,
11,,
5,,
5,,
5,,
6,,
8,,
11,,
13,,
13,,
8,,
6,,
6,,
6,,
5,,
3,,
3,,
3,,
3,,
2,,
3,,
3,,
2,,
3,,
2,,
3,,
2,,
2,,
2,,
3,,
3,,
2,,
3,,
2,,
2,,
3,,
3,,
3,,
3,,
2,,
2,,
2,,
3,,
2,,
3,,
3,,
3,,
2,,
3,,
2,,
2,,
3,,
3,,
3,,
2,,
3,,
4,,
3,,
4,,
5,,
5,,
18,,
5,,
5,,
5,,
5,,
4,,
5,,
5,,
21,,
5,,
5,,
4,,
4,,
4,,
7,,
5,,
5,,
5,,
5,,
5,,
5,,
4,,
11,,
5,,
4,,
4,,
4,,
5,,
5,,
4,,
6,,
5,,
4,,
4,,
5,,
4,,
4,,
5,,
6,,
5,,
4,,
5,,
4,,
2,,
3,,
3,,
2,,
2,,
2,,
2,,
3,,
2,,
2,,
3,,
3,,
3,,
2,,
3,,
3,,
3,,
2,,
3,,
4,,
3,,
5,,
3,,
2,,
3,,
3,,
2,,
3,,
3,,
3,,
2,,
2,,
3,,
2,,
3,,
3,,
3,,
3,,
2,,
2,,
2,,
2,,
3,,
2,,
3,,
2,,
2,,
3,,
3,,
5,,
5,,
4,,
4,,
4,,
4,,
5,,
4,,
5,,
5,,
5,,
5,,
5,,
5,,
5,,
6,,
5,,
5,,
5,,
4,,
4,,
5,,
5,,
6,,
5,,
5,,
4,,
5,,
4,,
5,,
5,,
4,,
4,,
5,,
4,,
5,,
5,,
5,,
9,,
4,,
4,,
5,,
5,,
4,,
6,,
5,,
5,,
5,,
5,,
5,,
5,,
4,,
5,,
7,,
5,,
2,,
2,,
3,,
2,,
3,,
3,,
3,,
2,,
3,,
2,,
3,,
3,,
3,,
2,,
3,,
3,,
3,,
2,,
2,,
3,,
2,,
3,,
3,,
3,,
3,,
3,,
7,,
3,,
2,,
3,,
2,,
3,,
2,,
2,,
3,,
3,,
3,,
3,,
3,,
7,,
3,,
3,,
2,,
3,,
2,,
3,,
3,,
2,,
3,,
3,,
3,,
5,,
3,,
3,,
2,,
2,,
3,,
2,,
2,,
5,,
4,,
5,,
6,,
10,,
5,,
4,,
5,,
5,,
4,,
5,,
4,,
5,,
5,,
5,,
5,,
6,,
5,,
7,,
19,,
4,,
5,,
5,,
4,,
6,,
6,,
5,,
4,,
4,,
5,,
4,,
7,,
5,,
5,,
6,,
5,,
5,,
5,,
5,,
4,,
5,,
4,,
5,,
5,,
5,,
5,,
5,,
5,,
6,,
4,,
4,,
5,,
5,,
5,,
4,,
5,,
4,,
4,,
5,,
4,,
5,,
6,,
5,,
6,,
4,,
4,,
5,,
2,,
3,,
3,,
3,,
3,,
2,,
3,,
3,,
3,,
3,,
2,,
3,,
3,,
3,,
3,,
3,,
2,,
2,,
3,,
3,,
3,,
3,,
3,,
3,,
3,,
4,,
3,,
3,,
3,,
2,,
2,,
3,,
3,,
2,,
3,,
3,,
2,,
2,,
2,,
3,,
2,,
3,,
3,,
3,,
3,,
3,,
3,,
2,,
2,,
3,,
2,,
3,,
3,,
2,,
3,,
3,,
2,,
2,,
3,,
3,,
3,,
3,,
3,,
3,,
2,,
2,,
3,,
3,,
2,,
2,,
3,,
3,,
2,,
4,,
5,,
4,,
5,,
7,,
5,,
5,,
4,,
5,,
4,,
5,,
4,,
5,,
4,,
5,,
5,,
4,,
5,,
4,,
5,,
4,,
5,,
5,,
5,,
5,,
5,,
5,,
4,,
5,,
5,,
5,,
6,,
4,,
4,,
5,,
5,,
5,,
5,,
4,,
10,,
5,,
5,,
6,,
6,,
5,,
5,,
5,,
5,,
4,,
5,,
5,,
4,,
4,,
5,,
5,,
7,,
5,,
5,,
5,,
4,,
5,,
4,,
4,,
4,,
4,,
5,,
4,,
4,,
6,,
11,,
6,,
6,,
6,,
21,,
6,,
14,,
5,,
5,,
6,,
6,,
6,,
5,,
5,,
3,,
2,,
2,,
2,,
2,,
3,,
3,,
4,,
3,,
3,,
3,,
2,,
3,,
3,,
2,,
2,,
3,,
3,,
3,,
3,,
3,,
3,,
3,,
2,,
2,,
2,,
3,,
2,,
2,,
3,,
2,,
2,,
3,,
3,,
3,,
3,,
2,,
5,,
3,,
3,,
3,,
3,,
3,,
3,,
3,,
3,,
2,,
3,,
2,,
3,,
3,,
3,,
3,,
2,,
2,,
2,,
2,,
3,,
3,,
3,,
2,,
2,,
2,,
3,,
3,,
2,,
2,,
2,,
4,,
3,,
2,,
3,,
2,,
3,,
2,,
3,,
3,,
2,,
2,,
3,,
3,,
3,,
3,,
2,,
3,,
3,,
2,,
3,,
2,,
2,,
3,,
2,,
3,,
4,,
4,,
5,,
6,,
5,,
5,,
4,,
5,,
5,,
5,,
5,,
6,,
4,,
5,,
5,,
5,,
6,,
10,,
5,,
4,,
5,,
5,,
4,,
5,,
5,,
5,,
5,,
5,,
4,,
4,,
6,,
5,,
5,,
4,,
5,,
4,,
18,,
5,,
5,,
4,,
5,,
5,,
5,,
8,,
4,,
4,,
5,,
5,,
4,,
4,,
5,,
5,,
6,,
4,,
5,,
5,,
4,,
5,,
4,,
6,,
4,,
4,,
5,,
5,,
4,,
5,,
5,,
5,,
5,,
5,,
4,,
4,,
4,,
5,,
5,,
5,,
5,,
5,,
4,,
5,,
6,,
5,,
7,,
5,,
5,,
4,,
7,,
5,,
4,,
5,,
4,,
4,,
5,,
4,,
5,,
6,,
4,,
5,,
4,,
4,,
5,,
6,,
4,,
5,,
5,,
4,,
5,,
5,,
5,,
4,,
3,,
3,,
2,,
3,,
3,,
3,,
2,,
3,,
2,,
3,,
2,,
3,,
3,,
2,,
2,,
2,,
2,,
2,,
3,,
2,,
3,,
3,,
3,,
3,,
2,,
2,,
2,,
6,,
3,,
3,,
2,,
3,,
2,,
3,,
3,,
2,,
2,,
2,,
2,,
3,,
2,,
3,,
3,,
2,,
3,,
2,,
2,,
3,,
3,,
3,,
18,,
2,,
3,,
4,,
2,,
3,,
4,,
2,,
2,,
3,,
3,,
2,,
2,,
2,,
2,,
3,,
2,,
3,,
3,,
3,,
3,,
2,,
3,,
2,,
3,,
3,,
3,,
2,,
3,,
3,,
2,,
3,,
3,,
2,,
2,,
3,,
2,,
3,,
3,,
3,,
3,,
2,,
3,,
2,,
2,,
3,,
3,,
2,,
3,,
2,,
2,,
3,,
2,,
4,,
3,,
3,,
3,,
3,,
3,,
3,,
3,,
3,,
3,,
2,,
2,,
3,,
3,,
3,,
3,,
3,,
2,,
3,,
3,,
4,,
4,,
5,,
5,,
5,,
8,,
6,,
4,,
4,,
5,,
5,,
4,,
5,,
5,,
4,,
5,,
4,,
5,,
4,,
6,,
5,,
5,,
4,,
5,,
5,,
4,,
4,,
5,,
4,,
5,,
5,,
4,,
7,,
8,,
4,,
5,,
5,,
4,,
6,,
5,,
4,,
4,,
6,,
5,,
4,,
5,,
5,,
5,,
6,,
5,,
5,,
4,,
5,,
4,,
4,,
5,,
5,,
5,,
4,,
4,,
4,,
4,,
6,,
4,,
5,,
5,,
5,,
5,,
4,,
5,,
5,,
6,,
5,,
5,,
5,,
5,,
5,,
5,,
4,,
4,,
4,,
4,,
5,,
5,,
5,,
7,,
5,,
4,,
5,,
4,,
4,,
5,,
5,,
5,,
4,,
5,,
4,,
4,,
5,,
15,,
5,,
5,,
4,,
4,,
5,,
5,,
5,,
4,,
5,,
4,,
4,,
5,,
4,,
5,,
4,,
5,,
5,,
4,,
4,,
4,,
7,,
5,,
5,,
4,,
4,,
4,,
5,,
5,,
4,,
5,,
4,,
5,,
4,,
5,,
5,,
5,,
4,,
4,,
19,,
7,,
5,,
4,,
6,,
4,,
5,,
5,,
5,,
4,,
4,,
6,,
5,,
3,,
6,,
3,,
3,,
3,,
3,,
4,,
3,,
4,,
3,,
3,,
3,,
2,,
3,,
3,,
3,,
2,,
2,,
3,,
3,,
3,,
2,,
3,,
2,,
3,,
2,,
3,,
3,,
3,,
2,,
4,,
2,,
3,,
3,,
3,,
3,,
3,,
3,,
3,,
4,,
3,,
2,,
3,,
8,,
3,,
3,,
3,,
3,,
2,,
2,,
3,,
2,,
3,,
2,,
5,,
3,,
3,,
3,,
2,,
3,,
3,,
3,,
2,,
3,,
3,,
2,,
3,,
2,,
2,,
2,,
3,,
3,,
2,,
3,,
3,,
3,,
3,,
3,,
2,,
3,,
3,,
3,,
3,,
2,,
3,,
2,,
2,,
3,,
3,,
3,,
2,,
2,,
2,,
3,,
3,,
3,,
2,,
3,,
2,,
3,,
2,,
3,,
2,,
2,,
2,,
2,,
3,,
2,,
3,,
2,,
3,,
2,,
2,,
3,,
2,,
3,,
3,,
3,,
3,,
3,,
2,,
2,,
3,,
3,,
2,,
3,,
3,,
3,,
3,,
3,,
3,,
2,,
2,,
3,,
2,,
2,,
2,,
4,,
3,,
2,,
3,,
3,,
3,,
3,,
4,,
3,,
3,,
3,,
3,,
2,,
3,,
3,,
2,,
2,,
3,,
3,,
3,,
3,,
3,,
3,,
4,,
3,,
2,,
3,,
3,,
2,,
3,,
3,,
2,,
3,,
3,,
2,,
2,,
3,,
2,,
3,,
2,,
3,,
4,,
5,,
4,,
4,,
5,,
6,,
5,,
5,,
4,,
5,,
5,,
4,,
6,,
5,,
4,,
5,,
5,,
4,,
5,,
5,,
6,,
5,,
5,,
4,,
4,,
5,,
6,,
4,,
4,,
5,,
4,,
4,,
5,,
6,,
5,,
4,,
4,,
5,,
5,,
5,,
4,,
5,,
5,,
4,,
4,,
5,,
4,,
8,,
5,,
5,,
4,,
4,,
5,,
4,,
5,,
5,,
5,,
5,,
5,,
5,,
4,,
4,,
5,,
5,,
5,,
4,,
4,,
4,,
4,,
5,,
5,,
5,,
5,,
4,,
5,,
5,,
5,,
5,,
4,,
5,,
5,,
5,,
5,,
9,,
6,,
5,,
6,,
6,,
4,,
5,,
4,,
7,,
6,,
16,,
5,,
5,,
6,,
4,,
9,,
6,,
5,,
4,,
4,,
5,,
5,,
4,,
5,,
5,,
5,,
5,,
5,,
4,,
5,,
5,,
5,,
4,,
5,,
5,,
4,,
4,,
7,,
5,,
5,,
5,,
5,,
5,,
4,,
6,,
5,,
4,,
5,,
5,,
4,,
4,,
4,,
5,,
5,,
5,,
5,,
5,,
4,,
4,,
5,,
4,,
4,,
4,,
5,,
5,,
5,,
4,,
4,,
7,,
5,,
7,,
6,,
4,,
5,,
5,,
6,,
5,,
5,,
5,,
4,,
5,,
4,,
4,,
6,,
6,,
5,,
4,,
4,,
5,,
5,,
4,,
4,,
5,,
5,,
5,,
4,,
5,,
5,,
5,,
5,,
4,,
4,,
5,,
5,,
7,,
4,,
4,,
5,,
4,,
4,,
4,,
5,,
9,,
5,,
4,,
4,,
5,,
4,,
5,,
4,,
5,,
5,,
5,,
4,,
5,,
5,,
5,,
11,,
5,,
4,,
4,,
5,,
5,,
18,,
6,,
5,,
5,,
5,,
5,,
5,,
7,,
8,,
7,,
5,,
5,,
3,,
3,,
3,,
3,,
3,,
3,,
3,,
3,,
2,,
2,,
2,,
2,,
2,,
3,,
3,,
3,,
2,,
4,,
3,,
3,,
3,,
2,,
3,,
3,,
3,,
2,,
2,,
3,,
3,,
2,,
2,,
3,,
2,,
3,,
2,,
4,,
3,,
3,,
2,,
2,,
2,,
3,,
2,,
3,,
3,,
3,,
2,,
2,,
2,,
2,,
3,,
3,,
3,,
2,,
2,,
3,,
3,,
3,,
3,,
2,,
3,,
2,,
3,,
2,,
2,,
2,,
3,,
3,,
3,,
3,,
3,,
3,,
2,,
3,,
2,,
3,,
3,,
3,,
3,,
2,,
2,,
3,,
3,,
2,,
3,,
2,,
2,,
3,,
3,,
3,,
3,,
2,,
3,,
3,,
3,,
2,,
2,,
3,,
3,,
3,,
6,,
3,,
3,,
3,,
3,,
3,,
3,,
3,,
3,,
2,,
3,,
3,,
3,,
2,,
3,,
3,,
2,,
3,,
2,,
3,,
3,,
2,,
2,,
3,,
3,,
2,,
2,,
3,,
5,,
3,,
3,,
3,,
2,,
3,,
2,,
2,,
3,,
3,,
2,,
2,,
2,,
3,,
3,,
3,,
2,,
2,,
3,,
3,,
3,,
3,,
3,,
3,,
2,,
2,,
3,,
4,,
3,,
2,,
2,,
2,,
3,,
3,,
2,,
3,,
2,,
2,,
3,,
3,,
2,,
2,,
2,,
2,,
3,,
3,,
3,,
3,,
2,,
3,,
3,,
3,,
3,,
2,,
4,,
4,,
3,,
2,,
2,,
2,,
3,,
3,,
2,,
3,,
4,,
2,,
2,,
3,,
3,,
3,,
4,,
3,,
2,,
3,,
3,,
3,,
3,,
3,,
2,,
2,,
4,,
3,,
3,,
3,,
3,,
3,,
2,,
2,,
2,,
3,,
2,,
2,,
3,,
3,,
2,,
2,,
3,,
2,,
3,,
2,,
2,,
3,,
3,,
2,,
3,,
3,,
3,,
2,,
2,,
3,,
2,,
3,,
2,,
3,,
3,,
3,,
3,,
2,,
3,,
3,,
3,,
2,,
2,,
3,,
2,,
3,,
3,,
3,,
2,,
3,,
3,,
3,,
2,,
3,,
3,,
3,,
3,,
2,,
3,,
2,,
2,,
3,,
2,,
2,,
3,,
3,,
2,,
3,,
3,,
3,,
3,,
3,,
2,,
2,,
3,,
2,,
3,,
3,,
2,,
3,,
7,,
5,,
5,,
4,,
5,,
4,,
4,,
5,,
5,,
5,,
5,,
4,,
4,,
5,,
5,,
5,,
4,,
6,,
5,,
4,,
5,,
5,,
5,,
5,,
5,,
5,,
4,,
4,,
5,,
5,,
5,,
5,,
4,,
4,,
5,,
5,,
4,,
6,,
5,,
4,,
5,,
5,,
18,,
7,,
5,,
5,,
10,,
5,,
5,,
5,,
5,,
5,,
5,,
5,,
5,,
5,,
5,,
6,,
5,,
5,,
4,,
5,,
4,,
5,,
5,,
4,,
4,,
5,,
5,,
5,,
4,,
5,,
4,,
5,,
4,,
4,,
4,,
5,,
8,,
5,,
5,,
4,,
4,,
4,,
5,,
6,,
6,,
5,,
5,,
5,,
6,,
6,,
12,,
10,,
6,,
5,,
6,,
9,,
8,,
8,,
23,,
9,,
12,,
10,,
8,,
11,,
11,,
9,,
5,,
5,,
5,,
5,,
21,,
4,,
4,,
4,,
4,,
5,,
5,,
5,,
4,,
4,,
4,,
5,,
5,,
6,,
5,,
5,,
5,,
4,,
6,,
5,,
4,,
5,,
5,,
5,,
5,,
7,,
5,,
6,,
5,,
5,,
4,,
6,,
4,,
4,,
5,,
4,,
4,,
5,,
5,,
4,,
4,,
5,,
5,,
4,,
4,,
4,,
5,,
4,,
5,,
4,,
5,,
5,,
4,,
5,,
4,,
4,,
4,,
5,,
5,,
5,,
5,,
5,,
5,,
4,,
4,,
5,,
5,,
5,,
5,,
5,,
4,,
4,,
5,,
4,,
4,,
4,,
5,,
5,,
6,,
4,,
4,,
5,,
5,,
5,,
5,,
5,,
5,,
5,,
5,,
4,,
5,,
5,,
6,,
4,,
4,,
5,,
5,,
7,,
4,,
4,,
4,,
5,,
5,,
4,,
5,,
5,,
5,,
5,,
4,,
4,,
5,,
5,,
4,,
4,,
4,,
4,,
4,,
5,,
5,,
5,,
5,,
5,,
4,,
4,,
5,,
4,,
4,,
5,,
5,,
5,,
4,,
5,,
4,,
5,,
5,,
4,,
6,,
4,,
4,,
4,,
5,,
5,,
6,,
5,,
4,,
6,,
6,,
6,,
6,,
6,,
5,,
5,,
5,,
5,,
5,,
10,,
7,,
7,,
4,,
5,,
5,,
5,,
5,,
4,,
4,,
5,,
6,,
6,,
6,,
7,,
5,,
5,,
4,,
5,,
6,,
5,,
5,,
5,,
5,,
5,,
4,,
5,,
6,,
6,,
5,,
4,,
5,,
4,,
5,,
6,,
5,,
5,,
5,,
5,,
5,,
5,,
5,,
4,,
4,,
5,,
5,,
4,,
5,,
11,,
10,,
6,,
12,,
8,,
12,,
6,,
6,,
7,,
6,,
6,,
7,,
4,,
7,,
5,,
4,,
5,,
4,,
4,,
4,,
5,,
5,,
5,,
4,,
5,,
5,,
5,,
5,,
5,,
4,,
5,,
4,,
4,,
5,,
4,,
5,,
5,,
5,,
5,,
5,,
4,,
4,,
5,,
4,,
5,,
4,,
4,,
4,,
4,,
5,,
5,,
4,,
5,,
6,,
5,,
5,,
4,,
5,,
5,,
5,,
6,,
5,,
5,,
5,,
5,,
5,,
5,,
6,,
5,,
4,,
5,,
5,,
4,,
4,,
5,,
19,,
5,,
5,,
4,,
5,,
5,,
6,,
5,,
5,,
5,,
5,,
19,,
5,,
4,,
5,,
6,,
5,,
5,,
5,,
4,,
5,,
3,,
3,,
2,,
2,,
3,,
2,,
2,,
3,,
3,,
3,,
2,,
3,,
2,,
2,,
2,,
3,,
3,,
2,,
3,,
2,,
2,,
2,,
2,,
2,,
3,,
3,,
3,,
2,,
3,,
3,,
2,,
2,,
2,,
2,,
3,,
3,,
3,,
2,,
3,,
3,,
3,,
2,,
3,,
2,,
3,,
2,,
3,,
3,,
2,,
3,,
2,,
3,,
3,,
2,,
3,,
3,,
9,,
4,,
3,,
3,,
3,,
3,,
3,,
3,,
3,,
5,,
3,,
2,,
2,,
2,,
2,,
2,,
3,,
3,,
3,,
3,,
2,,
3,,
3,,
2,,
2,,
2,,
2,,
3,,
9,,
3,,
2,,
2,,
3,,
2,,
3,,
3,,
3,,
3,,
2,,
2,,
3,,
4,,
3,,
3,,
3,,
3,,
3,,
2,,
2,,
2,,
2,,
2,,
2,,
2,,
3,,
6,,
4,,
4,,
4,,
3,,
4,,
2,,
3,,
2,,
2,,
3,,
2,,
3,,
4,,
2,,
3,,
3,,
3,,
3,,
2,,
3,,
3,,
3,,
3,,
3,,
3,,
2,,
3,,
3,,
3,,
2,,
3,,
2,,
2,,
2,,
2,,
2,,
3,,
3,,
3,,
3,,
3,,
3,,
3,,
2,,
3,,
3,,
3,,
3,,
2,,
3,,
2,,
2,,
3,,
2,,
2,,
3,,
3,,
3,,
3,,
3,,
3,,
3,,
2,,
3,,
3,,
3,,
3,,
3,,
3,,
2,,
2,,
2,,
3,,
3,,
2,,
3,,
3,,
2,,
2,,
3,,
2,,
2,,
3,,
3,,
3,,
3,,
2,,
3,,
3,,
2,,
2,,
2,,
3,,
2,,
3,,
2,,
3,,
2,,
3,,
2,,
2,,
2,,
2,,
3,,
3,,
2,,
2,,
3,,
3,,
3,,
3,,
3,,
3,,
2,,
3,,
3,,
2,,
3,,
2,,
3,,
3,,
2,,
3,,
2,,
3,,
3,,
3,,
3,,
3,,
2,,
3,,
3,,
3,,
3,,
2,,
2,,
2,,
3,,
3,,
3,,
3,,
3,,
3,,
3,,
3,,
2,,
3,,
3,,
3,,
3,,
3,,
3,,
2,,
3,,
3,,
3,,
2,,
3,,
3,,
3,,
2,,
3,,
3,,
2,,
3,,
4,,
2,,
2,,
3,,
3,,
2,,
2,,
3,,
2,,
2,,
2,,
3,,
2,,
3,,
3,,
3,,
3,,
3,,
3,,
3,,
3,,
2,,
3,,
2,,
2,,
3,,
2,,
2,,
3,,
5,,
3,,
3,,
3,,
2,,
3,,
3,,
2,,
2,,
3,,
2,,
2,,
3,,
3,,
3,,
3,,
2,,
3,,
2,,
3,,
3,,
3,,
3,,
3,,
3,,
3,,
2,,
3,,
4,,
2,,
2,,
3,,
5,,
6,,
3,,
3,,
3,,
2,,
3,,
3,,
2,,
2,,
2,,
4,,
3,,
3,,
3,,
4,,
3,,
3,,
3,,
3,,
3,,
3,,
3,,
3,,
3,,
3,,
4,,
2,,
3,,
2,,
3,,
2,,
3,,
3,,
3,,
2,,
2,,
2,,
3,,
2,,
2,,
3,,
2,,
3,,
3,,
3,,
2,,
3,,
2,,
2,,
3,,
3,,
2,,
2,,
2,,
2,,
4,,
3,,
3,,
3,,
3,,
2,,
3,,
3,,
2,,
2,,
2,,
2,,
3,,
3,,
3,,
3,,
3,,
2,,
3,,
2,,
3,,
2,,
2,,
2,,
3,,
3,,
2,,
3,,
3,,
3,,
3,,
5,,
8,,
4,,
4,,
3,,
2,,
2,,
2,,
3,,
2,,
3,,
3,,
2,,
3,,
3,,
2,,
3,,
3,,
3,,
3,,
3,,
2,,
3,,
3,,
3,,
4,,
4,,
2,,
4,,
3,,
4,,
7,,
3,,
3,,
5,,
3,,
2,,
2,,
3,,
3,,
3,,
3,,
3,,
3,,
2,,
2,,
3,,
3,,
3,,
2,,
3,,
3,,
3,,
3,,
2,,
3,,
2,,
2,,
2,,
3,,
3,,
2,,
3,,
3,,
3,,
2,,
3,,
3,,
3,,
2,,
2,,
3,,
2,,
2,,
2,,
2,,
2,,
2,,
3,,
3,,
2,,
3,,
2,,
3,,
2,,
2,,
3,,
3,,
2,,
3,,
2,,
2,,
3,,
2,,
2,,
3,,
2,,
3,,
3,,
3,,
3,,
3,,
3,,
3,,
3,,
3,,
2,,
3,,
3,,
2,,
3,,
4,,
2,,
3,,
3,,
3,,
3,,
3,,
2,,
3,,
3,,
3,,
4,,
3,,
3,,
2,,
3,,
3,,
2,,
2,,
2,,
3,,
3,,
2,,
2,,
2,,
2,,
3,,
8,,
2,,
2,,
2,,
2,,
3,,
4,,
2,,
3,,
3,,
3,,
2,,
3,,
2,,
2,,
3,,
2,,
2,,
3,,
3,,
2,,
3,,
2,,
2,,
3,,
3,,
2,,
2,,
2,,
2,,
3,,
3,,
2,,
3,,
3,,
3,,
4,,
4,,
4,,
4,,
4,,
6,,
5,,
7,,
5,,
5,,
5,,
5,,
5,,
7,,
4,,
5,,
4,,
4,,
5,,
5,,
6,,
5,,
5,,
5,,
5,,
5,,
4,,
4,,
4,,
5,,
5,,
5,,
4,,
5,,
5,,
4,,
4,,
5,,
4,,
4,,
4,,
5,,
5,,
5,,
4,,
4,,
5,,
5,,
6,,
4,,
5,,
5,,
4,,
6,,
4,,
5,,
5,,
5,,
5,,
5,,
4,,
4,,
4,,
5,,
4,,
5,,
4,,
6,,
4,,
4,,
5,,
4,,
5,,
4,,
4,,
5,,
5,,
4,,
18,,
4,,
5,,
5,,
4,,
6,,
4,,
5,,
4,,
18,,
4,,
5,,
5,,
4,,
5,,
7,,
5,,
4,,
7,,
4,,
5,,
6,,
5,,
4,,
4,,
5,,
5,,
5,,
9,,
8,,
5,,
5,,
5,,
5,,
5,,
6,,
5,,
5,,
5,,
4,,
5,,
5,,
4,,
6,,
5,,
5,,
5,,
4,,
4,,
5,,
7,,
6,,
6,,
5,,
5,,
4,,
5,,
4,,
6,,
4,,
4,,
5,,
5,,
4,,
6,,
5,,
6,,
5,,
5,,
5,,
5,,
8,,
6,,
5,,
4,,
5,,
5,,
4,,
5,,
5,,
4,,
5,,
5,,
5,,
5,,
6,,
5,,
4,,
5,,
5,,
5,,
4,,
4,,
6,,
5,,
4,,
5,,
4,,
5,,
5,,
5,,
5,,
4,,
4,,
5,,
5,,
4,,
4,,
5,,
5,,
5,,
4,,
5,,
5,,
6,,
9,,
5,,
5,,
4,,
5,,
5,,
5,,
5,,
7,,
4,,
5,,
5,,
4,,
5,,
6,,
23,,
7,,
6,,
5,,
5,,
4,,
5,,
5,,
5,,
5,,
5,,
5,,
5,,
9,,
5,,
7,,
4,,
4,,
5,,
5,,
5,,
6,,
5,,
6,,
4,,
5,,
4,,
6,,
5,,
5,,
5,,
5,,
4,,
5,,
5,,
6,,
5,,
5,,
4,,
5,,
4,,
5,,
4,,
5,,
4,,
4,,
5,,
5,,
6,,
4,,
5,,
5,,
4,,
5,,
5,,
7,,
5,,
4,,
5,,
4,,
5,,
5,,
7,,
6,,
5,,
5,,
5,,
5,,
7,,
6,,
10,,
5,,
5,,
6,,
7,,
4,,
5,,
5,,
5,,
5,,
4,,
6,,
5,,
5,,
4,,
5,,
4,,
4,,
6,,
5,,
5,,
5,,
5,,
5,,
5,,
7,,
5,,
5,,
5,,
4,,
5,,
5,,
5,,
5,,
6,,
5,,
5,,
5,,
5,,
5,,
5,,
5,,
5,,
5,,
5,,
5,,
5,,
5,,
4,,
5,,
5,,
5,,
5,,
5,,
5,,
5,,
5,,
6,,
5,,
5,,
4,,
5,,
5,,
4,,
5,,
4,,
5,,
4,,
5,,
4,,
5,,
4,,
4,,
4,,
5,,
5,,
5,,
5,,
5,,
5,,
5,,
5,,
5,,
5,,
4,,
4,,
4,,
5,,
4,,
5,,
5,,
5,,
5,,
4,,
5,,
5,,
5,,
5,,
5,,
5,,
5,,
4,,
4,,
5,,
5,,
5,,
5,,
5,,
4,,
4,,
5,,
4,,
4,,
9,,
5,,
5,,
4,,
4,,
4,,
4,,
5,,
4,,
5,,
5,,
5,,
5,,
5,,
4,,
7,,
5,,
5,,
5,,
5,,
5,,
5,,
6,,
5,,
5,,
5,,
5,,
5,,
4,,
5,,
5,,
4,,
5,,
5,,
5,,
4,,
5,,
5,,
4,,
5,,
5,,
5,,
5,,
6,,
5,,
7,,
6,,
5,,
4,,
4,,
4,,
6,,
5,,
5,,
5,,
4,,
5,,
6,,
6,,
5,,
5,,
5,,
5,,
9,,
8,,
5,,
5,,
5,,
5,,
5,,
5,,
5,,
5,,
5,,
5,,
6,,
6,,
5,,
7,,
5,,
5,,
5,,
5,,
4,,
5,,
8,,
6,,
5,,
4,,
4,,
5,,
4,,
5,,
4,,
4,,
5,,
4,,
4,,
5,,
5,,
7,,
6,,
6,,
5,,
5,,
5,,
7,,
6,,
6,,
5,,
4,,
5,,
5,,
5,,
5,,
5,,
5,,
5,,
5,,
5,,
12,,
4,,
4,,
5,,
4,,
5,,
5,,
5,,
5,,
5,,
5,,
5,,
5,,
6,,
5,,
5,,
5,,
4,,
4,,
4,,
5,,
5,,
5,,
5,,
5,,
5,,
5,,
5,,
4,,
4,,
4,,
5,,
5,,
5,,
6,,
5,,
5,,
5,,
5,,
5,,
5,,
5,,
4,,
5,,
5,,
5,,
5,,
5,,
6,,
5,,
5,,
4,,
4,,
5,,
5,,
5,,
4,,
5,,
4,,
5,,
5,,
5,,
5,,
5,,
5,,
4,,
4,,
4,,
5,,
5,,
5,,
4,,
4,,
5,,
5,,
4,,
4,,
5,,
7,,
4,,
5,,
5,,
4,,
5,,
4,,
4,,
4,,
4,,
5,,
5,,
5,,
5,,
4,,
5,,
6,,
5,,
6,,
5,,
5,,
5,,
5,,
5,,
4,,
4,,
4,,
4,,
4,,
5,,
5,,
10,,
6,,
6,,
5,,
4,,
4,,
7,,
11,,
10,,
13,,
5,,
5,,
5,,
22,,
5,,
7,,
6,,
4,,
8,,
8,,
5,,
5,,
5,,
5,,
5,,
6,,
5,,
4,,
5,,
5,,
5,,
6,,
4,,
5,,
4,,
5,,
5,,
5,,
4,,
5,,
4,,
4,,
4,,
6,,
5,,
4,,
5,,
4,,
5,,
4,,
4,,
5,,
6,,
5,,
4,,
5,,
5,,
5,,
6,,
5,,
5,,
4,,
4,,
5,,
6,,
5,,
7,,
5,,
5,,
4,,
4,,
4,,
5,,
4,,
6,,
6,,
6,,
5,,
4,,
5,,
5,,
6,,
5,,
5,,
5,,
4,,
5,,
5,,
4,,
8,,
5,,
5,,
4,,
5,,
5,,
5,,
4,,
5,,
4,,
5,,
5,,
5,,
4,,
6,,
6,,
5,,
5,,
4,,
5,,
5,,
4,,
5,,
5,,
4,,
5,,
5,,
5,,
6,,
6,,
5,,
5,,
5,,
4,,
4,,
6,,
5,,
5,,
5,,
4,,
4,,
5,,
5,,
5,,
5,,
5,,
5,,
5,,
5,,
4,,
5,,
4,,
4,,
4,,
4,,
5,,
5,,
8,,
5,,
5,,
4,,
5,,
5,,
5,,
4,,
5,,
4,,
4,,
5,,
5,,
5,,
4,,
5,,
4,,
5,,
5,,
4,,
5,,
5,,
5,,
7,,
5,,
5,,
5,,
7,,
10,,
6,,
5,,
5,,
5,,
5,,
5,,
5,,
7,,
11,,
7,,
5,,
4,,
4,,
4,,
5,,
7,,
10,,
5,,
5,,
6,,
5,,
5,,
7,,
6,,
5,,
5,,
5,,
4,,
6,,
6,,
5,,
5,,
5,,
5,,
5,,
5,,
4,,
5,,
5,,
5,,
5,,
4,,
5,,
4,,
5,,
5,,
5,,
5,,
4,,
5,,
5,,
5,,
6,,
6,,
5,,
4,,
4,,
5,,
5,,
4,,
4,,
5,,
5,,
5,,
4,,
4,,
6,,
5,,
5,,
4,,
5,,
5,,
4,,
5,,
4,,
5,,
5,,
5,,
4,,
8,,
5,,
5,,
5,,
4,,
4,,
5,,
5,,
9,,
5,,
5,,
5,,
5,,
5,,
5,,
5,,
5,,
4,,
5,,
4,,
5,,
5,,
5,,
7,,
5,,
5,,
4,,
5,,
5,,
4,,
4,,
5,,
5,,
5,,
5,,
4,,
5,,
4,,
5,,
5,,
5,,
4,,
5,,
4,,
5,,
5,,
5,,
6,,
5,,
5,,
5,,
4,,
4,,
4,,
5,,
5,,
6,,
5,,
5,,
5,,
5,,
5,,
5,,
5,,
5,,
5,,
5,,
5,,
5,,
5,,
6,,
5,,
5,,
4,,
5,,
4,,
5,,
5,,
5,,
5,,
4,,
4,,
5,,
9,,
5,,
4,,
4,,
5,,
5,,
5,,
5,,
6,,
4,,
4,,
5,,
5,,
5,,
6,,
5,,
5,,
5,,
5,,
4,,
4,,
5,,
4,,
5,,
5,,
5,,
5,,
9,,
7,,
4,,
7,,
6,,
5,,
4,,
6,,
12,,
6,,
7,,
6,,
5,,
4,,
5,,
5,,
5,,
7,,
7,,
5,,
5,,
5,,
5,,
4,,
6,,
5,,
4,,
5,,
4,,
5,,
5,,
6,,
5,,
6,,
5,,
5,,
5,,
5,,
5,,
6,,
5,,
5,,
5,,
5,,
4,,
4,,
5,,
12,,
5,,
5,,
5,,
6,,
4,,
7,,
5,,
4,,
4,,
5,,
5,,
4,,
4,,
4,,
4,,
5,,
4,,
5,,
6,,
5,,
4,,
5,,
4,,
5,,
4,,
9,,
4,,
5,,
4,,
5,,
4,,
4,,
5,,
4,,
5,,
5,,
4,,
5,,
5,,
4,,
5,,
5,,
5,,
5,,
5,,
5,,
6,,
5,,
5,,
4,,
5,,
5,,
5,,
5,,
5,,
5,,
5,,
5,,
6,,
5,,
5,,
5,,
5,,
5,,
5,,
4,,
5,,
5,,
5,,
8,,
4,,
4,,
4,,
5,,
4,,
5,,
8,,
5,,
5,,
5,,
4,,
5,,
6,,
6,,
5,,
5,,
4,,
4,,
5,,
4,,
5,,
5,,
5,,
4,,
5,,
4,,
4,,
5,,
8,,
5,,
5,,
4,,
4,,
5,,
4,,
4,,
6,,
5,,
5,,
4,,
5,,
5,,
4,,
5,,
5,,
4,,
5,,
4,,
4,,
4,,
4,,
5,,
5,,
5,,
4,,
5,,
4,,
5,,
6,,
5,,
5,,
5,,
5,,
5,,
5,,
5,,
4,,
5,,
6,,
6,,
4,,
4,,
4,,
6,,
5,,
5,,
5,,
5,,
4,,
7,,
5,,
5,,
4,,
4,,
5,,
4,,
5,,
4,,
4,,
5,,
5,,
14,,
6,,
8,,
5,,
4,,
4,,
4,,
5,,
6,,
5,,
5,,
5,,
5,,
3,,
3,,
3,,
5,,
2,,
3,,
3,,
3,,
2,,
2,,
3,,
3,,
2,,
2,,
2,,
3,,
2,,
2,,
4,,
2,,
2,,
2,,
3,,
3,,
3,,
3,,
3,,
4,,
3,,
3,,
3,,
4,,
3,,
3,,
2,,
2,,
3,,
2,,
2,,
3,,
2,,
2,,
3,,
3,,
2,,
3,,
4,,
2,,
3,,
2,,
3,,
3,,
2,,
4,,
3,,
2,,
3,,
2,,
2,,
4,,
3,,
3,,
2,,
2,,
3,,
3,,
3,,
2,,
2,,
2,,
3,,
3,,
2,,
3,,
2,,
2,,
3,,
2,,
3,,
3,,
3,,
3,,
3,,
3,,
2,,
2,,
3,,
3,,
3,,
2,,
3,,
3,,
2,,
3,,
3,,
3,,
3,,
3,,
3,,
2,,
3,,
3,,
2,,
2,,
3,,
2,,
3,,
4,,
3,,
2,,
2,,
4,,
3,,
2,,
2,,
3,,
2,,
3,,
2,,
2,,
2,,
2,,
3,,
3,,
3,,
3,,
3,,
3,,
3,,
3,,
3,,
2,,
2,,
2,,
3,,
3,,
2,,
2,,
3,,
2,,
3,,
3,,
2,,
7,,
3,,
3,,
3,,
2,,
3,,
2,,
2,,
2,,
2,,
3,,
2,,
3,,
2,,
3,,
3,,
3,,
3,,
2,,
3,,
2,,
2,,
2,,
2,,
3,,
2,,
14,,
2,,
3,,
3,,
2,,
2,,
3,,
3,,
2,,
3,,
3,,
3,,
3,,
2,,
3,,
2,,
3,,
2,,
2,,
3,,
2,,
3,,
3,,
3,,
2,,
3,,
2,,
2,,
2,,
2,,
2,,
3,,
2,,
2,,
3,,
9,,
3,,
3,,
2,,
3,,
2,,
3,,
3,,
2,,
3,,
2,,
3,,
3,,
3,,
3,,
3,,
2,,
2,,
3,,
3,,
3,,
3,,
3,,
2,,
2,,
2,,
3,,
3,,
4,,
3,,
3,,
3,,
3,,
2,,
2,,
3,,
2,,
2,,
3,,
2,,
2,,
2,,
3,,
2,,
2,,
3,,
2,,
2,,
8,,
3,,
3,,
3,,
3,,
2,,
3,,
3,,
3,,
2,,
3,,
2,,
3,,
3,,
2,,
3,,
3,,
2,,
3,,
3,,
2,,
2,,
3,,
2,,
2,,
2,,
3,,
3,,
2,,
2,,
3,,
3,,
3,,
4,,
2,,
3,,
3,,
2,,
4,,
3,,
3,,
3,,
4,,
3,,
3,,
3,,
2,,
2,,
2,,
3,,
3,,
2,,
3,,
2,,
2,,
3,,
2,,
3,,
8,,
4,,
2,,
2,,
3,,
3,,
3,,
2,,
2,,
3,,
3,,
3,,
3,,
4,,
2,,
3,,
3,,
2,,
2,,
3,,
3,,
2,,
2,,
3,,
2,,
3,,
3,,
3,,
3,,
3,,
3,,
3,,
3,,
3,,
3,,
2,,
2,,
2,,
3,,
2,,
2,,
2,,
2,,
2,,
3,,
2,,
3,,
2,,
3,,
3,,
3,,
3,,
3,,
3,,
3,,
2,,
3,,
2,,
3,,
3,,
2,,
3,,
2,,
3,,
3,,
3,,
2,,
2,,
2,,
3,,
3,,
2,,
3,,
3,,
2,,
2,,
2,,
2,,
3,,
2,,
2,,
2,,
2,,
3,,
3,,
3,,
3,,
2,,
3,,
3,,
3,,
3,,
3,,
3,,
3,,
2,,
3,,
2,,
3,,
3,,
3,,
2,,
2,,
2,,
3,,
3,,
3,,
2,,
3,,
3,,
2,,
2,,
3,,
3,,
3,,
2,,
5,,
3,,
3,,
3,,
2,,
2,,
3,,
2,,
2,,
3,,
3,,
2,,
2,,
3,,
2,,
3,,
2,,
3,,
2,,
2,,
3,,
3,,
2,,
3,,
2,,
3,,
2,,
5,,
4,,
3,,
3,,
3,,
3,,
3,,
3,,
2,,
2,,
3,,
2,,
2,,
3,,
3,,
2,,
2,,
2,,
3,,
3,,
3,,
2,,
3,,
2,,
2,,
2,,
3,,
3,,
2,,
3,,
3,,
3,,
3,,
2,,
3,,
4,,
3,,
3,,
3,,
3,,
3,,
3,,
3,,
3,,
3,,
3,,
2,,
2,,
3,,
2,,
3,,
3,,
3,,
3,,
3,,
2,,
3,,
3,,
3,,
3,,
2,,
3,,
3,,
3,,
2,,
2,,
3,,
2,,
3,,
2,,
3,,
3,,
2,,
2,,
3,,
3,,
3,,
3,,
2,,
3,,
3,,
2,,
3,,
3,,
3,,
2,,
3,,
3,,
2,,
3,,
2,,
3,,
2,,
3,,
2,,
2,,
3,,
2,,
3,,
3,,
3,,
4,,
3,,
2,,
2,,
2,,
3,,
2,,
3,,
2,,
3,,
3,,
3,,
3,,
3,,
2,,
3,,
2,,
2,,
2,,
3,,
2,,
3,,
2,,
2,,
2,,
3,,
2,,
3,,
3,,
3,,
3,,
2,,
3,,
3,,
3,,
2,,
2,,
3,,
2,,
2,,
2,,
2,,
2,,
2,,
2,,
3,,
3,,
3,,
2,,
3,,
3,,
3,,
3,,
3,,
2,,
2,,
3,,
3,,
2,,
3,,
3,,
2,,
3,,
2,,
4,,
4,,
2,,
3,,
3,,
3,,
3,,
2,,
2,,
3,,
2,,
2,,
3,,
3,,
3,,
3,,
3,,
2,,
2,,
3,,
2,,
3,,
2,,
3,,
3,,
3,,
3,,
3,,
8,,
4,,
4,,
3,,
3,,
3,,
3,,
3,,
3,,
5,,
3,,
3,,
2,,
3,,
3,,
3,,
3,,
2,,
2,,
3,,
2,,
3,,
3,,
2,,
3,,
3,,
4,,
3,,
3,,
3,,
2,,
2,,
3,,
3,,
3,,
2,,
2,,
2,,
2,,
2,,
2,,
3,,
3,,
2,,
3,,
2,,
2,,
3,,
2,,
2,,
3,,
3,,
2,,
2,,
4,,
2,,
3,,
2,,
2,,
3,,
3,,
3,,
2,,
2,,
2,,
3,,
3,,
2,,
2,,
2,,
3,,
2,,
2,,
2,,
2,,
3,,
2,,
2,,
3,,
3,,
3,,
2,,
2,,
3,,
3,,
3,,
3,,
2,,
2,,
2,,
2,,
3,,
3,,
2,,
2,,
3,,
3,,
3,,
3,,
2,,
3,,
4,,
3,,
3,,
2,,
2,,
3,,
3,,
3,,
3,,
2,,
3,,
3,,
3,,
3,,
2,,
2,,
3,,
3,,
3,,
2,,
3,,
2,,
2,,
2,,
3,,
2,,
3,,
2,,
3,,
2,,
2,,
3,,
2,,
3,,
2,,
2,,
3,,
2,,
2,,
3,,
2,,
2,,
3,,
3,,
3,,
2,,
3,,
4,,
2,,
2,,
3,,
3,,
3,,
2,,
3,,
2,,
2,,
2,,
2,,
2,,
3,,
3,,
3,,
3,,
2,,
2,,
3,,
3,,
2,,
3,,
3,,
3,,
2,,
2,,
3,,
3,,
3,,
3,,
3,,
2,,
2,,
2,,
2,,
3,,
2,,
3,,
3,,
3,,
3,,
2,,
3,,
3,,
3,,
2,,
2,,
2,,
2,,
2,,
3,,
3,,
3,,
3,,
3,,
2,,
2,,
2,,
2,,
2,,
3,,
3,,
2,,
3,,
16,,
3,,
3,,
3,,
2,,
3,,
2,,
2,,
3,,
3,,
2,,
3,,
2,,
3,,
3,,
3,,
2,,
3,,
2,,
3,,
2,,
2,,
3,,
3,,
2,,
2,,
3,,
3,,
3,,
2,,
3,,
2,,
3,,
3,,
3,,
2,,
2,,
3,,
3,,
3,,
2,,
3,,
3,,
2,,
2,,
3,,
2,,
3,,
3,,
3,,
2,,
3,,
3,,
3,,
3,,
2,,
2,,
3,,
3,,
2,,
3,,
2,,
3,,
2,,
2,,
2,,
3,,
3,,
2,,
2,,
3,,
3,,
8,,
4,,
3,,
3,,
3,,
2,,
3,,
3,,
3,,
3,,
2,,
3,,
3,,
3,,
3,,
3,,
3,,
3,,
3,,
2,,
3,,
3,,
3,,
3,,
3,,
2,,
3,,
4,,
2,,
2,,
3,,
2,,
3,,
3,,
3,,
2,,
2,,
3,,
3,,
2,,
3,,
3,,
3,,
3,,
2,,
3,,
2,,
2,,
2,,
3,,
3,,
3,,
2,,
4,,
4,,
3,,
3,,
3,,
2,,
3,,
2,,
2,,
2,,
2,,
3,,
3,,
3,,
2,,
3,,
2,,
3,,
2,,
2,,
3,,
3,,
2,,
3,,
2,,
6,,
2,,
4,,
3,,
4,,
3,,
3,,
3,,
2,,
2,,
3,,
3,,
3,,
3,,
2,,
2,,
3,,
2,,
3,,
4,,
3,,
3,,
3,,
2,,
3,,
3,,
2,,
2,,
2,,
3,,
2,,
3,,
3,,
3,,
3,,
2,,
3,,
3,,
3,,
3,,
2,,
3,,
2,,
3,,
3,,
3,,
3,,
3,,
3,,
2,,
2,,
3,,
2,,
3,,
3,,
3,,
3,,
3,,
2,,
2,,
3,,
3,,
3,,
3,,
2,,
3,,
3,,
3,,
3,,
3,,
6,,
3,,
3,,
2,,
4,,
3,,
2,,
3,,
5,,
3,,
2,,
2,,
3,,
3,,
5,,
4,,
3,,
3,,
2,,
3,,
2,,
2,,
2,,
17,,
2,,
3,,
2,,
3,,
2,,
3,,
3,,
2,,
3,,
2,,
3,,
3,,
2,,
3,,
3,,
2,,
2,,
3,,
2,,
2,,
3,,
3,,
3,,
2,,
2,,
3,,
3,,
2,,
2,,
2,,
3,,
3,,
2,,
3,,
2,,
2,,
3,,
2,,
3,,
3,,
2,,
2,,
2,,
3,,
3,,
3,,
3,,
3,,
2,,
3,,
3,,
2,,
3,,
2,,
2,,
3,,
3,,
3,,
3,,
3,,
2,,
2,,
3,,
2,,
3,,
3,,
3,,
2,,
3,,
2,,
2,,
3,,
3,,
3,,
2,,
2,,
2,,
2,,
2,,
3,,
2,,
3,,
3,,
2,,
2,,
3,,
2,,
3,,
3,,
3,,
3,,
2,,
3,,
2,,
2,,
3,,
2,,
2,,
3,,
3,,
3,,
2,,
3,,
2,,
3,,
6,,
3,,
2,,
3,,
2,,
3,,
2,,
3,,
2,,
2,,
3,,
3,,
2,,
2,,
2,,
3,,
2,,
3,,
3,,
3,,
4,,
2,,
2,,
2,,
3,,
3,,
2,,
2,,
3,,
3,,
16,,
3,,
3,,
3,,
3,,
2,,
3,,
3,,
3,,
3,,
3,,
2,,
3,,
2,,
3,,
2,,
2,,
3,,
4,,
3,,
2,,
2,,
2,,
3,,
2,,
3,,
4,,
4,,
3,,
3,,
3,,
3,,
2,,
2,,
2,,
3,,
3,,
3,,
2,,
3,,
2,,
2,,
3,,
5,,
3,,
3,,
2,,
3,,
2,,
3,,
2,,
3,,
2,,
3,,
3,,
3,,
3,,
3,,
2,,
3,,
2,,
3,,
2,,
3,,
3,,
3,,
2,,
2,,
3,,
9,,
4,,
3,,
3,,
2,,
3,,
2,,
2,,
3,,
2,,
2,,
2,,
3,,
3,,
3,,
3,,
5,,
6,,
2,,
3,,
4,,
4,,
9,,
4,,
4,,
4,,
2,,
3,,
3,,
3,,
2,,
2,,
3,,
3,,
2,,
3,,
3,,
3,,
3,,
3,,
3,,
3,,
3,,
3,,
2,,
3,,
2,,
3,,
3,,
2,,
3,,
3,,
3,,
3,,
3,,
3,,
3,,
4,,
3,,
3,,
3,,
3,,
3,,
2,,
3,,
3,,
3,,
3,,
3,,
3,,
3,,
3,,
3,,
3,,
3,,
3,,
2,,
3,,
4,,
3,,
2,,
3,,
3,,
3,,
3,,
2,,
3,,
3,,
3,,
3,,
2,,
2,,
2,,
3,,
2,,
3,,
3,,
3,,
3,,
2,,
3,,
2,,
3,,
3,,
3,,
3,,
3,,
2,,
3,,
3,,
3,,
3,,
3,,
3,,
3,,
2,,
3,,
2,,
3,,
2,,
3,,
3,,
3,,
3,,
2,,
2,,
3,,
2,,
2,,
3,,
3,,
3,,
2,,
3,,
3,,
3,,
2,,
3,,
2,,
3,,
2,,
3,,
2,,
3,,
3,,
2,,
3,,
3,,
3,,
3,,
3,,
2,,
2,,
3,,
3,,
3,,
3,,
3,,
3,,
2,,
2,,
4,,
3,,
3,,
3,,
3,,
3,,
3,,
3,,
3,,
3,,
3,,
3,,
3,,
3,,
3,,
3,,
3,,
2,,
2,,
2,,
3,,
3,,
3,,
3,,
3,,
2,,
3,,
3,,
2,,
3,,
3,,
4,,
2,,
3,,
3,,
2,,
3,,
3,,
2,,
2,,
2,,
3,,
3,,
2,,
2,,
3,,
2,,
2,,
3,,
2,,
3,,
2,,
3,,
2,,
3,,
4,,
3,,
2,,
3,,
4,,
3,,
2,,
2,,
2,,
3,,
3,,
3,,
3,,
3,,
3,,
2,,
3,,
3,,
3,,
3,,
2,,
2,,
3,,
2,,
3,,
3,,
3,,
2,,
2,,
2,,
2,,
4,,
3,,
2,,
3,,
3,,
3,,
3,,
3,,
2,,
2,,
2,,
3,,
3,,
3,,
3,,
3,,
2,,
2,,
3,,
3,,
2,,
2,,
2,,
2,,
3,,
2,,
3,,
2,,
4,,
3,,
2,,
2,,
3,,
3,,
2,,
2,,
2,,
2,,
3,,
3,,
3,,
3,,
3,,
2,,
2,,
3,,
3,,
3,,
2,,
3,,
3,,
3,,
2,,
3,,
3,,
3,,
3,,
3,,
3,,
3,,
2,,
2,,
2,,
2,,
3,,
3,,
3,,
3,,
2,,
2,,
2,,
2,,
2,,
2,,
2,,
3,,
2,,
2,,
2,,
2,,
2,,
2,,
3,,
3,,
3,,
6,,
3,,
2,,
3,,
2,,
3,,
2,,
2,,
3,,
2,,
3,,
3,,
3,,
3,,
3,,
2,,
2,,
2,,
3,,
3,,
3,,
3,,
3,,
3,,
3,,
3,,
3,,
3,,
2,,
4,,
3,,
3,,
3,,
3,,
3,,
3,,
2,,
2,,
2,,
2,,
2,,
3,,
3,,
3,,
3,,
3,,
3,,
3,,
4,,
3,,
3,,
3,,
3,,
2,,
3,,
3,,
3,,
3,,
2,,
2,,
3,,
3,,
3,,
3,,
2,,
2,,
3,,
3,,
2,,
3,,
2,,
2,,
2,,
3,,
2,,
3,,
3,,
3,,
4,,
3,,
4,,
3,,
3,,
3,,
2,,
2,,
3,,
3,,
3,,
2,,
3,,
5,,
5,,
2,,
2,,
3,,
2,,
2,,
2,,
3,,
3,,
3,,
3,,
3,,
3,,
3,,
3,,
3,,
6,,
3,,
2,,
3,,
3,,
3,,
3,,
2,,
3,,
2,,
2,,
3,,
4,,
3,,
3,,
2,,
3,,
3,,
3,,
3,,
3,,
3,,
3,,
3,,
2,,
3,,
2,,
3,,
4,,
2,,
3,,
3,,
2,,
2,,
3,,
3,,
3,,
2,,
2,,
3,,
2,,
3,,
3,,
2,,
2,,
3,,
3,,
3,,
3,,
3,,
2,,
3,,
2,,
2,,
3,,
3,,
3,,
2,,
2,,
2,,
3,,
3,,
3,,
3,,
3,,
3,,
3,,
2,,
2,,
2,,
3,,
3,,
3,,
4,,
3,,
3,,
2,,
2,,
3,,
3,,
3,,
3,,
2,,
2,,
3,,
3,,
3,,
3,,
3,,
3,,
3,,
2,,
3,,
3,,
3,,
3,,
3,,
3,,
3,,
2,,
2,,
2,,
2,,
2,,
3,,
3,,
2,,
3,,
3,,
2,,
3,,
2,,
2,,
2,,
2,,
2,,
2,,
2,,
3,,
3,,
3,,
2,,
3,,
3,,
3,,
2,,
2,,
3,,
3,,
3,,
3,,
2,,
3,,
3,,
3,,
2,,
2,,
2,,
3,,
2,,
3,,
3,,
2,,
3,,
2,,
3,,
3,,
2,,
2,,
2,,
2,,
2,,
3,,
2,,
3,,
2,,
3,,
2,,
2,,
3,,
3,,
3,,
3,,
2,,
3,,
3,,
2,,
3,,
3,,
3,,
3,,
2,,
3,,
3,,
3,,
3,,
2,,
3,,
3,,
3,,
2,,
3,,
2,,
3,,
3,,
3,,
3,,
3,,
3,,
3,,
3,,
3,,
3,,
3,,
3,,
3,,
2,,
2,,
3,,
2,,
3,,
2,,
3,,
4,,
3,,
3,,
2,,
2,,
3,,
2,,
3,,
3,,
2,,
3,,
3,,
2,,
2,,
3,,
3,,
2,,
3,,
2,,
3,,
3,,
2,,
2,,
3,,
3,,
3,,
3,,
2,,
2,,
3,,
3,,
3,,
4,,
3,,
2,,
2,,
3,,
3,,
3,,
3,,
3,,
2,,
3,,
2,,
3,,
3,,
3,,
3,,
3,,
3,,
3,,
2,,
3,,
2,,
2,,
2,,
3,,
3,,
3,,
2,,
2,,
3,,
3,,
3,,
3,,
3,,
2,,
3,,
3,,
2,,
2,,
2,,
2,,
3,,
3,,
2,,
3,,
3,,
3,,
3,,
16,,
3,,
2,,
3,,
2,,
2,,
2,,
3,,
3,,
3,,
2,,
3,,
3,,
3,,
2,,
3,,
3,,
2,,
3,,
3,,
3,,
3,,
3,,
2,,
3,,
2,,
3,,
3,,
3,,
2,,
3,,
3,,
2,,
2,,
2,,
3,,
3,,
2,,
2,,
2,,
8,,
3,,
3,,
3,,
4,,
3,,
3,,
2,,
2,,
3,,
2,,
3,,
2,,
3,,
3,,
3,,
3,,
3,,
3,,
3,,
2,,
2,,
3,,
2,,
2,,
3,,
2,,
3,,
3,,
3,,
2,,
2,,
3,,
3,,
2,,
3,,
3,,
3,,
3,,
3,,
3,,
3,,
2,,
3,,
3,,
3,,
2,,
3,,
3,,
3,,
3,,
2,,
3,,
3,,
3,,
2,,
2,,
2,,
2,,
3,,
3,,
3,,
3,,
2,,
2,,
3,,
2,,
3,,
2,,
2,,
3,,
3,,
3,,
3,,
2,,
2,,
2,,
3,,
2,,
2,,
3,,
2,,
3,,
3,,
3,,
3,,
2,,
3,,
3,,
2,,
3,,
2,,
2,,
3,,
3,,
3,,
2,,
4,,
3,,
3,,
3,,
3,,
3,,
2,,
2,,
3,,
3,,
3,,
2,,
3,,
3,,
3,,
3,,
2,,
3,,
3,,
3,,
4,,
3,,
3,,
3,,
3,,
3,,
3,,
3,,
3,,
3,,
3,,
4,,
3,,
2,,
3,,
3,,
2,,
2,,
2,,
3,,
2,,
2,,
2,,
2,,
3,,
2,,
3,,
3,,
3,,
3,,
2,,
2,,
3,,
2,,
2,,
2,,
3,,
3,,
2,,
2,,
3,,
2,,
2,,
3,,
2,,
3,,
2,,
3,,
2,,
2,,
3,,
3,,
2,,
7,,
3,,
3,,
4,,
2,,
3,,
3,,
3,,
3,,
3,,
3,,
2,,
2,,
3,,
2,,
3,,
2,,
3,,
3,,
3,,
3,,
3,,
2,,
3,,
3,,
2,,
3,,
2,,
3,,
3,,
3,,
3,,
3,,
3,,
2,,
3,,
3,,
3,,
2,,
2,,
3,,
2,,
2,,
3,,
3,,
2,,
2,,
2,,
2,,
3,,
3,,
3,,
3,,
2,,
3,,
3,,
3,,
3,,
3,,
3,,
3,,
2,,
2,,
3,,
3,,
3,,
2,,
3,,
3,,
3,,
3,,
2,,
2,,
2,,
3,,
3,,
2,,
3,,
2,,
3,,
3,,
3,,
3,,
2,,
2,,
2,,
2,,
2,,
3,,
3,,
3,,
3,,
3,,
3,,
2,,
3,,
3,,
3,,
3,,
3,,
3,,
2,,
3,,
2,,
3,,
3,,
2,,
3,,
3,,
3,,
2,,
2,,
2,,
3,,
2,,
2,,
3,,
3,,
3,,
2,,
5,,
2,,
2,,
2,,
3,,
2,,
3,,
3,,
3,,
4,,
58,,
5,,
4,,
4,,
4,,
5,,
5,,
4,,
4,,
3,,
3,,
3,,
2,,
3,,
3,,
3,,
3,,
3,,
3,,
4,,
3,,
3,,
3,,
3,,
3,,
3,,
3,,
3,,
3,,
3,,
3,,
3,,
3,,
3,,
3,,
2,,
5,,
3,,
3,,
3,,
3,,
4,,
3,,
3,,
3,,
3,,
3,,
3,,
3,,
3,,
3,,
3,,
3,,
3,,
3,,
3,,
3,,
3,,
3,,
3,,
3,,
3,,
3,,
3,,
3,,
3,,
5,,
4,,
4,,
4,,
3,,
3,,
3,,
3,,
2,,
2,,
3,,
3,,
3,,
3,,
2,,
3,,
4,,
3,,
3,,
3,,
3,,
3,,
3,,
3,,
2,,
3,,
3,,
6,,
3,,
4,,
3,,
3,,
6,,
3,,
3,,
3,,
3,,
3,,
3,,
3,,
3,,
3,,
2,,
3,,
2,,
3,,
3,,
3,,
3,,
4,,
5,,
4,,
4,,
3,,
4,,
5,,
3,,
3,,
3,,
3,,
5,,
3,,
3,,
3,,
2,,
3,,
3,,
3,,
3,,
4,,
3,,
3,,
3,,
3,,
3,,
3,,
4,,
4,,
3,,
3,,
3,,
4,,
3,,
3,,
3,,
4,,
3,,
3,,
3,,
3,,
3,,
3,,
4,,
3,,
3,,
4,,
3,,
4,,
4,,
3,,
4,,
3,,
3,,
3,,
3,,
3,,
4,,
3,,
3,,
3,,
3,,
4,,
4,,
3,,
3,,
3,,
4,,
3,,
3,,
3,,
3,,
3,,
3,,
3,,
4,,
3,,
4,,
3,,
3,,
3,,
3,,
3,,
3,,
3,,
3,,
3,,
3,,
3,,
3,,
5,,
3,,
3,,
3,,
3,,
4,,
3,,
3,,
3,,
3,,
3,,
4,,
4,,
3,,
3,,
3,,
3,,
3,,
3,,
3,,
2,,
3,,
3,,
3,,
3,,
3,,
3,,
3,,
7,,
4,,
4,,
3,,
3,,
3,,
3,,
4,,
3,,
4,,
3,,
4,,
4,,
3,,
3,,
2,,
3,,
3,,
4,,
3,,
3,,
3,,
3,,
3,,
3,,
3,,
3,,
3,,
5,,
4,,
3,,
3,,
3,,
2,,
2,,
3,,
3,,
3,,
3,,
3,,
3,,
4,,
3,,
3,,
3,,
3,,
3,,
3,,
2,,
4,,
3,,
3,,
3,,
3,,
3,,
3,,
3,,
5,,
3,,
3,,
3,,
3,,
3,,
3,,
3,,
3,,
3,,
4,,
3,,
3,,
3,,
3,,
3,,
3,,
3,,
3,,
3,,
3,,
3,,
3,,
3,,
3,,
3,,
5,,
3,,
3,,
3,,
3,,
3,,
3,,
3,,
3,,
3,,
3,,
3,,
3,,
2,,
4,,
3,,
4,,
3,,
7,,
3,,
3,,
4,,
3,,
3,,
3,,
3,,
3,,
3,,
3,,
4,,
3,,
2,,
3,,
4,,
3,,
3,,
3,,
3,,
3,,
3,,
3,,
3,,
2,,
3,,
3,,
3,,
3,,
3,,
3,,
4,,
2,,
3,,
3,,
3,,
3,,
3,,
3,,
3,,
3,,
5,,
3,,
4,,
3,,
3,,
4,,
2,,
3,,
2,,
3,,
3,,
3,,
3,,
3,,
2,,
3,,
3,,
3,,
3,,
3,,
3,,
3,,
3,,
3,,
3,,
2,,
2,,
4,,
3,,
4,,
3,,
3,,
3,,
3,,
4,,
4,,
3,,
3,,
3,,
3,,
3,,
4,,
3,,
3,,
3,,
3,,
3,,
3,,
3,,
3,,
3,,
3,,
3,,
3,,
3,,
3,,
4,,
2,,
3,,
3,,
3,,
4,,
3,,
3,,
3,,
4,,
3,,
3,,
3,,
2,,
3,,
3,,
3,,
3,,
3,,
3,,
3,,
3,,
3,,
2,,
3,,
3,,
4,,
4,,
3,,
7,,
4,,
4,,
3,,
3,,
3,,
3,,
3,,
3,,
3,,
4,,
3,,
3,,
4,,
3,,
3,,
3,,
4,,
4,,
3,,
3,,
3,,
6,,
3,,
4,,
7,,
3,,
3,,
3,,
3,,
3,,
3,,
2,,
3,,
3,,
3,,
2,,
3,,
3,,
3,,
4,,
5,,
3,,
3,,
3,,
4,,
3,,
3,,
3,,
3,,
3,,
3,,
4,,
4,,
2,,
3,,
4,,
3,,
4,,
3,,
4,,
3,,
3,,
3,,
2,,
3,,
2,,
3,,
4,,
3,,
3,,
3,,
3,,
4,,
3,,
3,,
3,,
4,,
3,,
3,,
3,,
3,,
5,,
3,,
3,,
3,,
3,,
4,,
3,,
4,,
3,,
3,,
3,,
3,,
3,,
3,,
3,,
4,,
5,,
3,,
3,,
4,,
3,,
4,,
3,,
3,,
3,,
3,,
4,,
3,,
3,,
3,,
3,,
4,,
4,,
4,,
3,,
3,,
3,,
3,,
3,,
3,,
4,,
3,,
3,,
3,,
4,,
3,,
3,,
3,,
2,,
2,,
3,,
3,,
4,,
4,,
3,,
3,,
3,,
3,,
3,,
4,,
3,,
3,,
4,,
3,,
4,,
3,,
3,,
3,,
4,,
3,,
3,,
3,,
3,,
3,,
3,,
3,,
3,,
3,,
4,,
3,,
3,,
3,,
3,,
3,,
2,,
3,,
3,,
3,,
2,,
3,,
4,,
3,,
3,,
3,,
5,,
4,,
4,,
3,,
3,,
3,,
3,,
3,,
3,,
3,,
3,,
3,,
4,,
3,,
3,,
3,,
3,,
3,,
3,,
3,,
3,,
3,,
3,,
3,,
3,,
4,,
3,,
3,,
3,,
3,,
4,,
4,,
4,,
3,,
3,,
3,,
3,,
3,,
3,,
3,,
3,,
3,,
3,,
2,,
3,,
4,,
3,,
3,,
4,,
3,,
3,,
2,,
3,,
3,,
3,,
3,,
3,,
3,,
4,,
4,,
3,,
3,,
3,,
3,,
3,,
3,,
3,,
3,,
3,,
4,,
3,,
3,,
3,,
4,,
4,,
4,,
3,,
3,,
3,,
3,,
3,,
3,,
3,,
3,,
3,,
3,,
3,,
3,,
3,,
3,,
4,,
4,,
3,,
4,,
3,,
3,,
2,,
3,,
3,,
2,,
2,,
3,,
3,,
3,,
3,,
5,,
3,,
4,,
3,,
4,,
3,,
4,,
3,,
3,,
3,,
2,,
3,,
3,,
4,,
3,,
3,,
3,,
3,,
3,,
3,,
3,,
3,,
3,,
3,,
3,,
3,,
3,,
4,,
4,,
5,,
4,,
3,,
3,,
3,,
4,,
3,,
4,,
3,,
3,,
3,,
3,,
3,,
3,,
5,,
4,,
3,,
3,,
3,,
3,,
3,,
3,,
3,,
3,,
5,,
7,,
3,,
3,,
4,,
3,,
3,,
2,,
3,,
3,,
3,,
3,,
2,,
3,,
3,,
2,,
4,,
4,,
3,,
4,,
3,,
3,,
3,,
3,,
4,,
3,,
3,,
3,,
3,,
3,,
2,,
3,,
3,,
5,,
4,,
3,,
3,,
3,,
3,,
3,,
3,,
2,,
2,,
2,,
3,,
3,,
3,,
3,,
3,,
3,,
3,,
3,,
4,,
5,,
3,,
5,,
3,,
3,,
2,,
3,,
3,,
3,,
3,,
3,,
3,,
3,,
4,,
4,,
4,,
3,,
3,,
3,,
3,,
3,,
4,,
3,,
3,,
3,,
4,,
4,,
4,,
3,,
3,,
3,,
3,,
3,,
3,,
5,,
3,,
3,,
3,,
3,,
3,,
3,,
3,,
3,,
3,,
3,,
3,,
3,,
3,,
3,,
3,,
3,,
3,,
3,,
3,,
3,,
3,,
3,,
3,,
3,,
3,,
3,,
3,,
4,,
3,,
3,,
3,,
3,,
3,,
3,,
3,,
3,,
3,,
3,,
4,,
4,,
4,,
3,,
3,,
3,,
2,,
3,,
3,,
3,,
3,,
3,,
3,,
3,,
3,,
3,,
2,,
4,,
3,,
3,,
3,,
4,,
4,,
3,,
3,,
3,,
3,,
3,,
3,,
5,,
3,,
3,,
3,,
3,,
3,,
3,,
3,,
3,,
3,,
4,,
3,,
3,,
3,,
3,,
3,,
3,,
4,,
3,,
4,,
4,,
3,,
3,,
4,,
3,,
3,,
3,,
3,,
3,,
4,,
3,,
3,,
4,,
3,,
6,,
3,,
3,,
2,,
2,,
3,,
3,,
3,,
3,,
3,,
3,,
3,,
3,,
4,,
3,,
3,,
3,,
5,,
3,,
3,,
4,,
3,,
3,,
3,,
3,,
2,,
3,,
4,,
4,,
3,,
3,,
4,,
3,,
4,,
4,,
4,,
3,,
3,,
3,,
3,,
3,,
2,,
3,,
3,,
3,,
3,,
6,,
4,,
3,,
3,,
3,,
3,,
2,,
2,,
3,,
3,,
3,,
3,,
3,,
3,,
3,,
3,,
3,,
3,,
4,,
3,,
3,,
3,,
3,,
4,,
3,,
3,,
3,,
3,,
5,,
3,,
3,,
3,,
3,,
3,,
4,,
4,,
3,,
3,,
3,,
3,,
3,,
3,,
4,,
3,,
3,,
3,,
4,,
3,,
3,,
2,,
3,,
2,,
3,,
3,,
3,,
3,,
4,,
4,,
4,,
3,,
3,,
3,,
3,,
3,,
3,,
3,,
3,,
4,,
4,,
4,,
3,,
3,,
3,,
3,,
3,,
3,,
3,,
3,,
4,,
3,,
3,,
3,,
3,,
3,,
3,,
3,,
3,,
3,,
3,,
3,,
3,,
4,,
3,,
3,,
3,,
3,,
3,,
3,,
3,,
3,,
3,,
3,,
3,,
3,,
3,,
3,,
3,,
3,,
3,,
3,,
3,,
3,,
3,,
3,,
3,,
3,,
3,,
3,,
4,,
4,,
2,,
3,,
3,,
3,,
3,,
4,,
3,,
3,,
3,,
3,,
3,,
3,,
3,,
4,,
3,,
3,,
3,,
3,,
4,,
4,,
3,,
3,,
2,,
3,,
3,,
3,,
3,,
3,,
3,,
4,,
3,,
3,,
3,,
3,,
3,,
3,,
3,,
3,,
3,,
3,,
2,,
3,,
3,,
3,,
3,,
4,,
12,,
4,,
3,,
3,,
3,,
3,,
3,,
3,,
3,,
3,,
3,,
5,,
3,,
3,,
4,,
4,,
3,,
3,,
3,,
3,,
4,,
3,,
3,,
3,,
3,,
5,,
6,,
3,,
4,,
3,,
4,,
3,,
3,,
3,,
3,,
4,,
3,,
3,,
2,,
2,,
3,,
3,,
3,,
3,,
3,,
3,,
3,,
3,,
2,,
3,,
4,,
3,,
5,,
3,,
3,,
2,,
3,,
4,,
3,,
3,,
4,,
4,,
3,,
3,,
3,,
3,,
3,,
3,,
4,,
3,,
3,,
3,,
3,,
4,,
3,,
3,,
3,,
3,,
3,,
3,,
3,,
3,,
4,,
3,,
3,,
3,,
3,,
3,,
3,,
4,,
3,,
3,,
3,,
3,,
3,,
3,,
3,,
2,,
3,,
3,,
2,,
3,,
2,,
3,,
2,,
3,,
3,,
3,,
3,,
4,,
3,,
3,,
3,,
4,,
3,,
4,,
3,,
3,,
2,,
3,,
3,,
3,,
3,,
3,,
3,,
4,,
4,,
3,,
3,,
3,,
3,,
3,,
3,,
3,,
3,,
4,,
3,,
3,,
3,,
3,,
3,,
2,,
3,,
3,,
4,,
3,,
4,,
3,,
4,,
3,,
3,,
4,,
3,,
3,,
3,,
3,,
3,,
5,,
4,,
3,,
4,,
3,,
3,,
4,,
3,,
3,,
3,,
3,,
3,,
3,,
3,,
3,,
3,,
3,,
3,,
3,,
3,,
3,,
3,,
3,,
3,,
3,,
3,,
4,,
3,,
3,,
3,,
3,,
3,,
3,,
3,,
3,,
3,,
4,,
3,,
3,,
4,,
3,,
3,,
3,,
3,,
4,,
3,,
3,,
3,,
3,,
3,,
3,,
3,,
3,,
3,,
2,,
3,,
3,,
3,,
3,,
2,,
3,,
2,,
3,,
3,,
3,,
3,,
4,,
3,,
3,,
3,,
3,,
3,,
3,,
3,,
3,,
3,,
3,,
3,,
3,,
4,,
3,,
3,,
3,,
3,,
3,,
3,,
3,,
3,,
3,,
3,,
3,,
4,,
3,,
4,,
3,,
5,,
3,,
3,,
4,,
3,,
4,,
3,,
6,,
7,,
5,,
3,,
4,,
5,,
3,,
3,,
3,,
3,,
3,,
3,,
3,,
3,,
3,,
3,,
5,,
7,,
3,,
4,,
3,,
3,,
3,,
3,,
4,,
3,,
3,,
4,,
4,,
2,,
4,,
3,,
3,,
8,,
5,,
4,,
5,,
4,,
3,,
3,,
3,,
6,,
4,,
4,,
7,,
3,,
5,,
4,,
4,,
4,,
3,,
4,,
4,,
4,,
3,,
4,,
3,,
4,,
3,,
3,,
3,,
3,,
6,,
3,,
3,,
3,,
3,,
3,,
3,,
3,,
6,,
4,,
3,,
3,,
4,,
4,,
4,,
3,,
3,,
3,,
3,,
3,,
3,,
3,,
3,,
3,,
3,,
3,,
3,,
3,,
3,,
4,,
3,,
3,,
2,,
3,,
3,,
3,,
3,,
2,,
11,,
3,,
3,,
3,,
3,,
3,,
4,,
3,,
4,,
4,,
3,,
7,,
3,,
3,,
4,,
5,,
5,,
4,,
4,,
4,,
3,,
3,,
3,,
2,,
3,,
3,,
5,,
5,,
4,,
3,,
3,,
4,,
3,,
7,,
6,,
4,,
4,,
4,,
4,,
3,,
3,,
2,,
3,,
3,,
3,,
4,,
3,,
4,,
2,,
3,,
3,,
3,,
3,,
4,,
4,,
4,,
2,,
3,,
3,,
2,,
4,,
3,,
4,,
3,,
4,,
3,,
3,,
2,,
3,,
3,,
3,,
3,,
3,,
3,,
3,,
3,,
3,,
3,,
3,,
3,,
4,,
4,,
3,,
3,,
3,,
3,,
3,,
3,,
3,,
3,,
3,,
3,,
4,,
4,,
3,,
3,,
3,,
3,,
3,,
3,,
3,,
3,,
3,,
3,,
2,,
3,,
3,,
4,,
5,,
3,,
4,,
3,,
4,,
3,,
3,,
3,,
3,,
3,,
3,,
5,,
3,,
3,,
3,,
3,,
4,,
3,,
4,,
3,,
3,,
3,,
3,,
3,,
3,,
3,,
3,,
3,,
3,,
4,,
3,,
3,,
3,,
4,,
3,,
3,,
3,,
4,,
3,,
3,,
3,,
4,,
4,,
3,,
3,,
4,,
3,,
3,,
3,,
3,,
2,,
3,,
3,,
3,,
3,,
3,,
5,,
4,,
4,,
3,,
3,,
4,,
3,,
3,,
3,,
3,,
3,,
3,,
3,,
4,,
3,,
3,,
3,,
3,,
4,,
4,,
4,,
3,,
3,,
3,,
3,,
3,,
3,,
3,,
3,,
3,,
3,,
3,,
3,,
4,,
3,,
3,,
2,,
3,,
3,,
3,,
3,,
3,,
3,,
3,,
3,,
3,,
3,,
3,,
3,,
3,,
4,,
3,,
3,,
3,,
3,,
3,,
3,,
3,,
3,,
3,,
3,,
3,,
3,,
3,,
3,,
3,,
3,,
3,,
3,,
3,,
3,,
3,,
3,,
3,,
2,,
3,,
3,,
3,,
4,,
3,,
3,,
3,,
3,,
2,,
4,,
3,,
3,,
3,,
3,,
3,,
4,,
3,,
3,,
4,,
3,,
3,,
4,,
3,,
3,,
3,,
3,,
3,,
3,,
3,,
3,,
3,,
3,,
3,,
2,,
3,,
3,,
3,,
4,,
3,,
3,,
3,,
3,,
3,,
4,,
3,,
3,,
3,,
3,,
2,,
3,,
17,,
3,,
3,,
3,,
3,,
2,,
3,,
2,,
4,,
4,,
3,,
3,,
3,,
3,,
3,,
3,,
3,,
2,,
4,,
4,,
3,,
3,,
3,,
4,,
3,,
4,,
3,,
3,,
3,,
4,,
4,,
3,,
3,,
3,,
3,,
3,,
3,,
4,,
3,,
3,,
3,,
3,,
3,,
3,,
3,,
3,,
3,,
3,,
2,,
3,,
4,,
3,,
3,,
3,,
4,,
3,,
3,,
3,,
3,,
2,,
3,,
3,,
3,,
2,,
3,,
3,,
4,,
3,,
5,,
3,,
3,,
3,,
4,,
4,,
3,,
3,,
3,,
3,,
3,,
4,,
7,,
4,,
3,,
3,,
3,,
3,,
3,,
3,,
3,,
3,,
3,,
3,,
3,,
3,,
3,,
3,,
4,,
4,,
3,,
3,,
3,,
3,,
3,,
3,,
3,,
4,,
3,,
3,,
3,,
3,,
4,,
3,,
3,,
3,,
3,,
3,,
3,,
3,,
3,,
3,,
3,,
6,,
4,,
7,,
4,,
4,,
3,,
3,,
4,,
4,,
3,,
5,,
4,,
3,,
4,,
3,,
4,,
4,,
3,,
3,,
3,,
3,,
3,,
3,,
3,,
3,,
3,,
3,,
5,,
6,,
4,,
4,,
4,,
4,,
4,,
3,,
3,,
3,,
3,,
3,,
3,,
3,,
3,,
3,,
3,,
3,,
3,,
3,,
3,,
3,,
3,,
3,,
3,,
3,,
3,,
3,,
3,,
4,,
3,,
3,,
3,,
3,,
3,,
3,,
3,,
4,,
3,,
3,,
3,,
3,,
3,,
3,,
6,,
3,,
4,,
3,,
3,,
3,,
3,,
3,,
3,,
3,,
3,,
3,,
3,,
3,,
3,,
4,,
3,,
3,,
3,,
3,,
3,,
3,,
3,,
3,,
3,,
4,,
3,,
3,,
8,,
3,,
3,,
4,,
3,,
3,,
3,,
3,,
3,,
3,,
3,,
3,,
3,,
3,,
3,,
3,,
2,,
3,,
3,,
3,,
4,,
3,,
3,,
4,,
3,,
3,,
3,,
3,,
3,,
3,,
4,,
3,,
4,,
3,,
3,,
4,,
3,,
3,,
4,,
3,,
3,,
3,,
3,,
3,,
3,,
3,,
3,,
3,,
3,,
4,,
3,,
5,,
3,,
3,,
3,,
3,,
3,,
3,,
4,,
3,,
3,,
4,,
3,,
4,,
3,,
3,,
3,,
3,,
3,,
3,,
3,,
3,,
3,,
3,,
3,,
2,,
11,,
3,,
3,,
4,,
4,,
4,,
3,,
3,,
4,,
3,,
2,,
3,,
8,,
3,,
3,,
3,,
3,,
3,,
3,,
3,,
3,,
2,,
3,,
4,,
3,,
3,,
3,,
3,,
4,,
3,,
3,,
3,,
3,,
3,,
3,,
3,,
3,,
3,,
3,,
3,,
3,,
2,,
4,,
4,,
3,,
3,,
4,,
3,,
4,,
3,,
3,,
4,,
3,,
3,,
4,,
3,,
3,,
3,,
3,,
3,,
4,,
3,,
3,,
3,,
3,,
3,,
3,,
3,,
3,,
3,,
3,,
3,,
2,,
7,,
3,,
3,,
3,,
4,,
3,,
3,,
3,,
3,,
4,,
3,,
3,,
4,,
3,,
3,,
3,,
3,,
3,,
3,,
3,,
3,,
3,,
3,,
3,,
3,,
3,,
3,,
3,,
3,,
3,,
3,,
3,,
3,,
3,,
3,,
3,,
3,,
6,,
4,,
3,,
3,,
3,,
3,,
3,,
3,,
3,,
2,,
3,,
3,,
3,,
3,,
3,,
3,,
2,,
3,,
4,,
3,,
3,,
3,,
3,,
2,,
3,,
3,,
4,,
3,,
3,,
4,,
3,,
3,,
9,,
3,,
4,,
3,,
3,,
4,,
3,,
4,,
3,,
3,,
4,,
4,,
5,,
5,,
4,,
3,,
3,,
4,,
3,,
5,,
4,,
3,,
4,,
3,,
3,,
3,,
2,,
3,,
3,,
3,,
3,,
3,,
2,,
2,,
4,,
3,,
4,,
3,,
3,,
3,,
3,,
3,,
3,,
3,,
3,,
3,,
3,,
4,,
3,,
3,,
6,,
3,,
4,,
3,,
3,,
2,,
3,,
3,,
2,,
2,,
3,,
3,,
3,,
4,,
3,,
4,,
4,,
3,,
3,,
3,,
3,,
3,,
3,,
3,,
3,,
3,,
3,,
3,,
2,,
6,,
4,,
3,,
3,,
3,,
3,,
3,,
3,,
3,,
3,,
3,,
5,,
4,,
7,,
5,,
5,,
5,,
5,,
5,,
7,,
8,,
5,,
5,,
4,,
5,,
5,,
5,,
6,,
7,,
5,,
5,,
5,,
5,,
5,,
8,,
7,,
5,,
5,,
6,,
5,,
5,,
6,,
5,,
5,,
5,,
5,,
5,,
12,,
9,,
6,,
9,,
6,,
5,,
6,,
5,,
6,,
6,,
6,,
6,,
5,,
5,,
6,,
5,,
5,,
5,,
5,,
5,,
5,,
5,,
5,,
4,,
6,,
5,,
6,,
5,,
5,,
6,,
6,,
5,,
6,,
5,,
5,,
6,,
6,,
5,,
6,,
6,,
5,,
5,,
5,,
5,,
5,,
5,,
6,,
6,,
5,,
5,,
5,,
5,,
5,,
6,,
9,,
5,,
5,,
5,,
5,,
4,,
6,,
5,,
5,,
5,,
5,,
5,,
5,,
6,,
9,,
5,,
5,,
5,,
5,,
5,,
5,,
5,,
5,,
5,,
6,,
5,,
5,,
5,,
5,,
8,,
5,,
4,,
5,,
5,,
5,,
4,,
7,,
6,,
8,,
5,,
5,,
5,,
5,,
9,,
11,,
7,,
5,,
5,,
5,,
5,,
12,,
8,,
7,,
6,,
6,,
5,,
8,,
5,,
5,,
7,,
5,,
5,,
7,,
5,,
7,,
6,,
4,,
6,,
5,,
5,,
6,,
7,,
5,,
4,,
6,,
5,,
5,,
5,,
6,,
5,,
5,,
4,,
4,,
4,,
5,,
5,,
6,,
5,,
5,,
5,,
5,,
5,,
5,,
5,,
8,,
6,,
6,,
6,,
6,,
7,,
4,,
5,,
5,,
5,,
5,,
5,,
5,,
8,,
5,,
5,,
5,,
5,,
5,,
5,,
5,,
6,,
4,,
5,,
5,,
5,,
8,,
6,,
6,,
4,,
4,,
5,,
5,,
5,,
5,,
5,,
5,,
6,,
8,,
8,,
5,,
7,,
21,,
5,,
5,,
5,,
5,,
20,,
6,,
5,,
8,,
6,,
6,,
5,,
5,,
5,,
7,,
5,,
5,,
4,,
4,,
6,,
6,,
5,,
6,,
5,,
5,,
5,,
5,,
5,,
4,,
5,,
5,,
5,,
5,,
5,,
5,,
7,,
7,,
6,,
4,,
5,,
4,,
5,,
5,,
5,,
6,,
5,,
6,,
5,,
6,,
6,,
6,,
5,,
5,,
5,,
5,,
5,,
6,,
21,,
6,,
4,,
5,,
6,,
7,,
5,,
5,,
5,,
4,,
5,,
4,,
10,,
6,,
5,,
5,,
5,,
5,,
6,,
9,,
5,,
5,,
5,,
4,,
5,,
5,,
4,,
5,,
4,,
5,,
8,,
8,,
5,,
5,,
8,,
5,,
5,,
5,,
5,,
4,,
5,,
8,,
8,,
7,,
6,,
5,,
5,,
5,,
8,,
6,,
5,,
5,,
5,,
5,,
5,,
12,,
6,,
5,,
5,,
5,,
5,,
5,,
8,,
6,,
9,,
6,,
5,,
5,,
6,,
7,,
6,,
6,,
5,,
5,,
5,,
6,,
5,,
4,,
5,,
5,,
6,,
5,,
5,,
5,,
5,,
4,,
5,,
4,,
5,,
5,,
6,,
5,,
19,,
5,,
5,,
5,,
6,,
6,,
5,,
5,,
4,,
5,,
5,,
4,,
5,,
6,,
5,,
4,,
6,,
4,,
5,,
5,,
7,,
5,,
5,,
4,,
5,,
5,,
5,,
5,,
5,,
9,,
6,,
5,,
5,,
5,,
11,,
5,,
5,,
5,,
5,,
5,,
5,,
5,,
5,,
6,,
5,,
5,,
5,,
5,,
5,,
6,,
9,,
5,,
5,,
5,,
5,,
5,,
8,,
6,,
5,,
5,,
5,,
5,,
5,,
6,,
7,,
6,,
5,,
5,,
6,,
6,,
5,,
5,,
4,,
5,,
4,,
5,,
5,,
5,,
6,,
5,,
5,,
5,,
6,,
5,,
6,,
4,,
5,,
5,,
5,,
5,,
5,,
5,,
6,,
5,,
5,,
5,,
9,,
5,,
5,,
6,,
5,,
5,,
5,,
5,,
5,,
5,,
5,,
6,,
10,,
6,,
5,,
5,,
7,,
6,,
21,,
4,,
4,,
5,,
5,,
5,,
5,,
6,,
8,,
5,,
5,,
5,,
7,,
5,,
5,,
5,,
5,,
5,,
5,,
7,,
6,,
6,,
7,,
6,,
6,,
6,,
8,,
11,,
6,,
6,,
5,,
5,,
5,,
5,,
5,,
5,,
5,,
5,,
5,,
5,,
9,,
11,,
6,,
5,,
5,,
8,,
5,,
5,,
5,,
6,,
5,,
4,,
5,,
5,,
5,,
5,,
7,,
6,,
5,,
5,,
5,,
4,,
5,,
5,,
5,,
5,,
5,,
5,,
5,,
5,,
6,,
14,,
6,,
6,,
5,,
5,,
9,,
5,,
5,,
6,,
5,,
5,,
7,,
7,,
7,,
6,,
5,,
6,,
5,,
6,,
8,,
6,,
20,,
5,,
5,,
5,,
4,,
6,,
5,,
5,,
4,,
5,,
5,,
6,,
8,,
4,,
5,,
5,,
4,,
5,,
6,,
8,,
6,,
6,,
5,,
5,,
5,,
5,,
5,,
4,,
8,,
5,,
4,,
5,,
5,,
5,,
6,,
5,,
5,,
5,,
5,,
5,,
5,,
5,,
5,,
4,,
5,,
7,,
7,,
5,,
5,,
6,,
5,,
5,,
5,,
6,,
5,,
5,,
5,,
5,,
5,,
5,,
6,,
5,,
6,,
7,,
5,,
5,,
5,,
6,,
6,,
5,,
4,,
5,,
5,,
5,,
5,,
5,,
5,,
14,,
7,,
6,,
5,,
4,,
5,,
4,,
4,,
5,,
5,,
5,,
5,,
5,,
8,,
5,,
6,,
5,,
5,,
5,,
6,,
5,,
5,,
5,,
4,,
5,,
6,,
10,,
6,,
6,,
5,,
6,,
5,,
5,,
5,,
8,,
9,,
6,,
7,,
7,,
6,,
7,,
5,,
5,,
6,,
6,,
6,,
6,,
17,,
7,,
6,,
5,,
5,,
4,,
6,,
7,,
5,,
5,,
6,,
5,,
5,,
5,,
6,,
5,,
6,,
5,,
5,,
4,,
5,,
7,,
5,,
4,,
5,,
5,,
5,,
4,,
6,,
8,,
5,,
5,,
4,,
5,,
5,,
8,,
5,,
5,,
4,,
4,,
4,,
5,,
7,,
5,,
4,,
4,,
5,,
5,,
5,,
5,,
6,,
4,,
5,,
5,,
5,,
6,,
5,,
6,,
5,,
5,,
5,,
5,,
5,,
5,,
5,,
5,,
4,,
5,,
5,,
6,,
5,,
6,,
5,,
4,,
5,,
5,,
4,,
5,,
5,,
6,,
5,,
5,,
5,,
5,,
4,,
5,,
6,,
5,,
6,,
6,,
5,,
5,,
6,,
5,,
7,,
5,,
7,,
6,,
5,,
5,,
5,,
6,,
4,,
5,,
5,,
5,,
6,,
5,,
9,,
10,,
6,,
5,,
5,,
5,,
5,,
6,,
4,,
7,,
5,,
5,,
5,,
5,,
7,,
6,,
5,,
5,,
5,,
5,,
5,,
6,,
6,,
5,,
4,,
5,,
6,,
5,,
5,,
5,,
6,,
4,,
4,,
5,,
5,,
5,,
5,,
5,,
5,,
4,,
4,,
5,,
4,,
5,,
15,,
7,,
5,,
4,,
5,,
10,,
7,,
7,,
8,,
7,,
14,,
7,,
5,,
6,,
7,,
14,,
7,,
9,,
5,,
6,,
8,,
6,,
9,,
10,,
6,,
6,,
7,,
6,,
6,,
6,,
5,,
5,,
6,,
5,,
6,,
8,,
7,,
5,,
5,,
5,,
5,,
7,,
4,,
6,,
10,,
6,,
4,,
4,,
6,,
5,,
5,,
5,,
4,,
5,,
5,,
5,,
7,,
7,,
7,,
5,,
5,,
5,,
5,,
7,,
6,,
7,,
6,,
5,,
6,,
5,,
7,,
8,,
8,,
5,,
5,,
5,,
8,,
6,,
7,,
7,,
6,,
5,,
5,,
9,,
8,,
6,,
5,,
4,,
5,,
6,,
5,,
5,,
6,,
5,,
5,,
5,,
7,,
5,,
6,,
5,,
5,,
4,,
4,,
6,,
5,,
6,,
5,,
5,,
5,,
5,,
7,,
6,,
4,,
5,,
5,,
5,,
5,,
5,,
7,,
6,,
6,,
5,,
5,,
5,,
11,,
6,,
5,,
5,,
5,,
5,,
5,,
5,,
6,,
5,,
5,,
5,,
4,,
4,,
5,,
5,,
5,,
5,,
5,,
4,,
5,,
4,,
5,,
5,,
6,,
5,,
5,,
4,,
5,,
5,,
5,,
6,,
6,,
5,,
5,,
5,,
5,,
6,,
5,,
6,,
7,,
5,,
5,,
8,,
6,,
8,,
5,,
10,,
5,,
5,,
5,,
6,,
8,,
9,,
8,,
5,,
5,,
5,,
7,,
6,,
5,,
5,,
5,,
4,,
5,,
5,,
10,,
7,,
7,,
7,,
6,,
5,,
7,,
5,,
5,,
5,,
5,,
5,,
5,,
5,,
9,,
6,,
5,,
5,,
6,,
5,,
5,,
8,,
6,,
5,,
5,,
5,,
5,,
5,,
7,,
5,,
7,,
5,,
5,,
4,,
5,,
6,,
6,,
5,,
4,,
5,,
5,,
5,,
5,,
6,,
5,,
6,,
5,,
5,,
5,,
5,,
8,,
6,,
5,,
5,,
5,,
6,,
4,,
4,,
5,,
5,,
5,,
5,,
5,,
5,,
5,,
5,,
5,,
6,,
5,,
6,,
5,,
5,,
5,,
6,,
5,,
4,,
5,,
5,,
4,,
5,,
5,,
5,,
6,,
6,,
5,,
4,,
4,,
8,,
5,,
5,,
5,,
5,,
5,,
5,,
5,,
5,,
5,,
7,,
6,,
5,,
5,,
6,,
5,,
9,,
5,,
5,,
5,,
5,,
5,,
4,,
7,,
5,,
5,,
5,,
19,,
5,,
7,,
5,,
5,,
4,,
4,,
5,,
5,,
10,,
4,,
5,,
5,,
5,,
5,,
6,,
5,,
5,,
5,,
5,,
5,,
5,,
5,,
5,,
5,,
5,,
4,,
5,,
5,,
5,,
5,,
6,,
7,,
5,,
5,,
5,,
5,,
6,,
5,,
6,,
5,,
4,,
5,,
5,,
5,,
3,,
3,,
3,,
3,,
3,,
4,,
3,,
3,,
3,,
3,,
3,,
3,,
3,,
3,,
3,,
3,,
4,,
3,,
3,,
4,,
3,,
3,,
4,,
3,,
3,,
3,,
3,,
3,,
3,,
3,,
3,,
3,,
3,,
3,,
4,,
3,,
3,,
3,,
6,,
4,,
3,,
3,,
3,,
3,,
3,,
3,,
3,,
2,,
3,,
3,,
3,,
3,,
3,,
4,,
4,,
3,,
3,,
3,,
3,,
3,,
3,,
3,,
3,,
3,,
3,,
3,,
3,,
3,,
3,,
4,,
3,,
3,,
3,,
3,,
3,,
3,,
3,,
3,,
3,,
3,,
3,,
3,,
3,,
2,,
6,,
4,,
4,,
3,,
3,,
2,,
3,,
3,,
3,,
3,,
3,,
3,,
3,,
3,,
3,,
5,,
3,,
3,,
3,,
3,,
2,,
2,,
3,,
3,,
3,,
3,,
3,,
3,,
4,,
5,,
3,,
3,,
3,,
4,,
3,,
3,,
3,,
4,,
3,,
3,,
3,,
3,,
3,,
4,,
4,,
3,,
3,,
3,,
3,,
2,,
3,,
3,,
3,,
3,,
3,,
3,,
2,,
3,,
2,,
3,,
3,,
3,,
3,,
3,,
3,,
3,,
4,,
3,,
3,,
3,,
4,,
3,,
3,,
3,,
4,,
6,,
3,,
3,,
3,,
3,,
3,,
3,,
2,,
3,,
3,,
3,,
3,,
3,,
3,,
3,,
4,,
3,,
3,,
3,,
3,,
3,,
3,,
3,,
3,,
3,,
3,,
3,,
3,,
3,,
3,,
3,,
3,,
3,,
4,,
3,,
3,,
3,,
3,,
3,,
3,,
3,,
3,,
4,,
4,,
7,,
3,,
3,,
3,,
3,,
3,,
3,,
3,,
3,,
4,,
3,,
3,,
4,,
3,,
3,,
3,,
3,,
3,,
4,,
3,,
2,,
2,,
3,,
3,,
3,,
4,,
3,,
3,,
3,,
3,,
3,,
3,,
3,,
4,,
3,,
3,,
4,,
3,,
3,,
3,,
3,,
2,,
3,,
3,,
3,,
3,,
4,,
3,,
3,,
3,,
3,,
3,,
3,,
3,,
3,,
3,,
3,,
3,,
3,,
3,,
2,,
4,,
3,,
4,,
3,,
3,,
3,,
3,,
3,,
3,,
3,,
4,,
2,,
3,,
3,,
3,,
3,,
3,,
3,,
3,,
3,,
2,,
3,,
3,,
3,,
3,,
3,,
3,,
3,,
3,,
3,,
3,,
3,,
6,,
7,,
22,,
3,,
3,,
3,,
3,,
3,,
3,,
3,,
3,,
3,,
3,,
3,,
3,,
3,,
3,,
4,,
4,,
3,,
3,,
3,,
3,,
3,,
2,,
3,,
3,,
4,,
3,,
3,,
3,,
3,,
3,,
3,,
3,,
2,,
3,,
3,,
3,,
3,,
3,,
3,,
4,,
3,,
3,,
4,,
3,,
3,,
3,,
3,,
4,,
2,,
3,,
4,,
3,,
3,,
3,,
3,,
3,,
3,,
3,,
3,,
3,,
3,,
3,,
3,,
2,,
2,,
3,,
3,,
4,,
3,,
3,,
3,,
4,,
4,,
3,,
3,,
3,,
3,,
3,,
3,,
3,,
4,,
4,,
4,,
3,,
3,,
3,,
4,,
3,,
3,,
3,,
3,,
3,,
3,,
3,,
3,,
3,,
3,,
3,,
3,,
3,,
3,,
4,,
3,,
3,,
3,,
3,,
5,,
4,,
3,,
3,,
3,,
2,,
3,,
3,,
3,,
2,,
3,,
4,,
4,,
4,,
4,,
4,,
4,,
3,,
4,,
3,,
3,,
3,,
3,,
3,,
3,,
3,,
6,,
4,,
4,,
4,,
3,,
3,,
4,,
3,,
3,,
3,,
4,,
3,,
3,,
3,,
3,,
3,,
3,,
3,,
3,,
3,,
3,,
3,,
3,,
3,,
3,,
3,,
6,,
3,,
3,,
3,,
2,,
3,,
3,,
3,,
4,,
2,,
3,,
3,,
3,,
3,,
3,,
2,,
4,,
3,,
3,,
3,,
3,,
2,,
3,,
3,,
3,,
3,,
3,,
3,,
3,,
3,,
3,,
3,,
2,,
3,,
3,,
3,,
3,,
3,,
3,,
3,,
3,,
3,,
3,,
3,,
3,,
3,,
3,,
3,,
2,,
3,,
3,,
3,,
3,,
3,,
3,,
3,,
4,,
2,,
3,,
3,,
3,,
3,,
3,,
3,,
3,,
4,,
3,,
3,,
3,,
3,,
3,,
3,,
2,,
3,,
3,,
3,,
4,,
3,,
4,,
3,,
3,,
3,,
3,,
3,,
3,,
3,,
4,,
3,,
3,,
3,,
4,,
3,,
3,,
3,,
5,,
6,,
3,,
3,,
3,,
3,,
3,,
2,,
3,,
3,,
3,,
3,,
3,,
2,,
3,,
3,,
4,,
3,,
3,,
4,,
3,,
3,,
3,,
3,,
3,,
3,,
4,,
3,,
3,,
3,,
3,,
3,,
4,,
3,,
3,,
3,,
3,,
3,,
2,,
3,,
3,,
3,,
4,,
3,,
3,,
3,,
3,,
3,,
7,,
5,,
5,,
5,,
5,,
6,,
5,,
5,,
5,,
6,,
5,,
5,,
5,,
6,,
8,,
6,,
6,,
5,,
5,,
5,,
6,,
5,,
4,,
5,,
5,,
5,,
5,,
5,,
6,,
6,,
5,,
4,,
5,,
5,,
6,,
6,,
6,,
5,,
5,,
5,,
5,,
9,,
9,,
6,,
5,,
5,,
5,,
5,,
7,,
5,,
5,,
4,,
5,,
5,,
6,,
5,,
9,,
6,,
5,,
5,,
5,,
8,,
8,,
8,,
6,,
5,,
4,,
10,,
8,,
5,,
5,,
6,,
5,,
6,,
9,,
4,,
6,,
5,,
5,,
10,,
13,,
9,,
5,,
6,,
5,,
5,,
5,,
6,,
7,,
6,,
6,,
8,,
7,,
8,,
8,,
7,,
6,,
5,,
5,,
5,,
6,,
5,,
6,,
6,,
5,,
5,,
4,,
6,,
6,,
6,,
5,,
5,,
5,,
6,,
6,,
12,,
5,,
6,,
5,,
5,,
5,,
5,,
7,,
6,,
7,,
6,,
5,,
5,,
5,,
8,,
5,,
6,,
6,,
5,,
5,,
6,,
5,,
5,,
5,,
6,,
6,,
5,,
7,,
6,,
5,,
5,,
5,,
6,,
5,,
5,,
5,,
5,,
5,,
4,,
5,,
7,,
5,,
6,,
6,,
5,,
5,,
5,,
5,,
5,,
5,,
5,,
5,,
5,,
5,,
6,,
5,,
5,,
5,,
4,,
4,,
5,,
5,,
4,,
5,,
5,,
5,,
5,,
5,,
6,,
6,,
5,,
4,,
5,,
6,,
5,,
6,,
5,,
5,,
5,,
5,,
6,,
8,,
5,,
5,,
5,,
5,,
4,,
6,,
6,,
5,,
5,,
5,,
5,,
5,,
5,,
6,,
9,,
7,,
6,,
5,,
4,,
8,,
6,,
5,,
5,,
5,,
5,,
5,,
8,,
6,,
5,,
5,,
5,,
5,,
5,,
9,,
6,,
6,,
6,,
5,,
5,,
7,,
7,,
7,,
5,,
5,,
5,,
6,,
6,,
5,,
6,,
5,,
5,,
5,,
4,,
5,,
5,,
8,,
8,,
5,,
5,,
5,,
5,,
5,,
5,,
9,,
5,,
6,,
12,,
8,,
6,,
5,,
9,,
6,,
6,,
5,,
5,,
5,,
4,,
5,,
20,,
6,,
7,,
5,,
5,,
9,,
7,,
10,,
5,,
5,,
5,,
5,,
5,,
4,,
5,,
7,,
7,,
5,,
7,,
6,,
6,,
5,,
7,,
7,,
9,,
5,,
4,,
4,,
5,,
6,,
6,,
7,,
5,,
5,,
5,,
4,,
6,,
5,,
5,,
5,,
5,,
5,,
6,,
5,,
6,,
5,,
5,,
4,,
5,,
5,,
4,,
6,,
5,,
5,,
4,,
5,,
6,,
5,,
5,,
5,,
6,,
5,,
6,,
6,,
5,,
6,,
5,,
5,,
5,,
5,,
5,,
5,,
4,,
6,,
5,,
5,,
5,,
4,,
5,,
5,,
5,,
5,,
5,,
6,,
4,,
5,,
5,,
5,,
11,,
5,,
4,,
5,,
4,,
6,,
5,,
6,,
9,,
5,,
4,,
5,,
5,,
9,,
5,,
5,,
5,,
5,,
6,,
5,,
6,,
8,,
5,,
4,,
5,,
5,,
5,,
5,,
7,,
5,,
5,,
5,,
5,,
8,,
6,,
6,,
5,,
5,,
4,,
5,,
5,,
5,,
5,,
6,,
5,,
5,,
5,,
5,,
4,,
3,,
3,,
3,,
3,,
3,,
3,,
3,,
3,,
3,,
3,,
3,,
2,,
3,,
3,,
3,,
3,,
3,,
2,,
3,,
3,,
3,,
3,,
3,,
3,,
3,,
3,,
3,,
4,,
2,,
3,,
3,,
2,,
2,,
3,,
3,,
2,,
4,,
3,,
3,,
3,,
3,,
3,,
3,,
3,,
3,,
3,,
3,,
3,,
3,,
3,,
3,,
3,,
4,,
3,,
3,,
5,,
5,,
4,,
4,,
3,,
3,,
3,,
3,,
3,,
5,,
3,,
4,,
3,,
3,,
2,,
3,,
3,,
3,,
3,,
3,,
3,,
3,,
3,,
3,,
3,,
6,,
5,,
3,,
3,,
3,,
3,,
3,,
3,,
3,,
3,,
3,,
3,,
3,,
3,,
6,,
4,,
5,,
4,,
3,,
3,,
3,,
3,,
3,,
3,,
3,,
3,,
3,,
3,,
6,,
3,,
3,,
3,,
3,,
4,,
2,,
2,,
3,,
3,,
3,,
3,,
2,,
3,,
3,,
5,,
4,,
3,,
3,,
3,,
3,,
3,,
3,,
4,,
3,,
4,,
4,,
3,,
4,,
3,,
3,,
3,,
3,,
3,,
3,,
3,,
3,,
3,,
3,,
3,,
3,,
3,,
4,,
3,,
4,,
4,,
3,,
3,,
3,,
3,,
3,,
3,,
3,,
3,,
3,,
3,,
3,,
3,,
4,,
4,,
3,,
3,,
3,,
3,,
3,,
3,,
3,,
3,,
3,,
3,,
3,,
3,,
4,,
3,,
3,,
3,,
3,,
3,,
3,,
3,,
3,,
3,,
3,,
3,,
3,,
4,,
3,,
3,,
4,,
4,,
4,,
3,,
3,,
3,,
3,,
3,,
3,,
3,,
3,,
4,,
4,,
4,,
3,,
3,,
3,,
3,,
3,,
5,,
3,,
3,,
3,,
3,,
3,,
3,,
3,,
3,,
3,,
3,,
3,,
2,,
2,,
3,,
3,,
3,,
3,,
3,,
3,,
3,,
3,,
3,,
3,,
3,,
4,,
3,,
2,,
4,,
3,,
2,,
3,,
3,,
3,,
3,,
3,,
3,,
2,,
3,,
3,,
3,,
2,,
4,,
3,,
3,,
3,,
3,,
2,,
3,,
3,,
3,,
2,,
3,,
3,,
3,,
3,,
3,,
3,,
4,,
3,,
3,,
3,,
3,,
3,,
3,,
3,,
3,,
4,,
3,,
3,,
3,,
3,,
5,,
5,,
5,,
5,,
5,,
6,,
13,,
7,,
5,,
5,,
5,,
5,,
5,,
7,,
5,,
7,,
5,,
5,,
5,,
5,,
8,,
6,,
4,,
5,,
5,,
5,,
5,,
6,,
5,,
5,,
5,,
6,,
5,,
5,,
7,,
5,,
5,,
5,,
4,,
5,,
5,,
5,,
5,,
5,,
5,,
5,,
5,,
4,,
5,,
6,,
5,,
5,,
5,,
5,,
5,,
5,,
5,,
6,,
6,,
5,,
5,,
5,,
6,,
5,,
6,,
5,,
18,,
5,,
5,,
5,,
6,,
9,,
4,,
5,,
4,,
5,,
11,,
11,,
6,,
12,,
7,,
7,,
8,,
11,,
11,,
10,,
7,,
5,,
5,,
12,,
9,,
5,,
6,,
5,,
6,,
5,,
9,,
8,,
6,,
5,,
5,,
6,,
5,,
7,,
7,,
5,,
5,,
5,,
5,,
6,,
6,,
6,,
6,,
5,,
5,,
4,,
5,,
8,,
12,,
6,,
4,,
5,,
5,,
6,,
6,,
5,,
5,,
6,,
5,,
5,,
5,,
7,,
5,,
5,,
5,,
5,,
5,,
5,,
6,,
6,,
5,,
5,,
5,,
5,,
4,,
5,,
5,,
5,,
13,,
5,,
5,,
8,,
5,,
5,,
6,,
6,,
5,,
5,,
5,,
7,,
5,,
6,,
6,,
5,,
6,,
7,,
5,,
5,,
5,,
5,,
4,,
5,,
5,,
11,,
6,,
5,,
5,,
5,,
5,,
5,,
9,,
5,,
6,,
4,,
5,,
4,,
8,,
5,,
5,,
5,,
5,,
5,,
5,,
6,,
6,,
4,,
5,,
5,,
5,,
5,,
6,,
6,,
6,,
5,,
4,,
5,,
5,,
4,,
5,,
6,,
7,,
5,,
6,,
5,,
8,,
6,,
6,,
6,,
5,,
4,,
4,,
5,,
5,,
6,,
5,,
9,,
5,,
5,,
3,,
3,,
3,,
3,,
4,,
3,,
3,,
2,,
3,,
3,,
3,,
3,,
3,,
3,,
3,,
3,,
3,,
3,,
5,,
3,,
3,,
6,,
3,,
3,,
3,,
3,,
3,,
3,,
2,,
3,,
3,,
3,,
3,,
3,,
3,,
3,,
3,,
3,,
3,,
3,,
4,,
3,,
3,,
3,,
2,,
4,,
3,,
3,,
7,,
3,,
3,,
3,,
3,,
3,,
3,,
3,,
2,,
4,,
4,,
4,,
5,,
5,,
5,,
4,,
5,,
4,,
3,,
4,,
3,,
3,,
6,,
3,,
3,,
2,,
2,,
3,,
4,,
3,,
2,,
2,,
3,,
3,,
3,,
3,,
4,,
3,,
3,,
3,,
3,,
3,,
3,,
2,,
4,,
3,,
3,,
3,,
3,,
3,,
7,,
3,,
6,,
3,,
3,,
3,,
3,,
3,,
3,,
2,,
3,,
3,,
3,,
3,,
4,,
3,,
3,,
3,,
4,,
3,,
3,,
3,,
3,,
3,,
4,,
3,,
3,,
4,,
3,,
3,,
3,,
3,,
3,,
4,,
3,,
3,,
3,,
3,,
3,,
3,,
2,,
3,,
3,,
3,,
2,,
3,,
3,,
3,,
3,,
3,,
3,,
3,,
3,,
3,,
3,,
3,,
3,,
4,,
3,,
3,,
3,,
3,,
4,,
3,,
3,,
3,,
3,,
3,,
3,,
3,,
3,,
3,,
3,,
3,,
3,,
3,,
3,,
3,,
3,,
3,,
5,,
4,,
4,,
6,,
5,,
12,,
6,,
6,,
6,,
5,,
5,,
5,,
5,,
6,,
5,,
5,,
5,,
5,,
5,,
5,,
6,,
7,,
5,,
5,,
5,,
5,,
5,,
5,,
5,,
5,,
6,,
4,,
5,,
5,,
4,,
5,,
6,,
5,,
6,,
5,,
5,,
5,,
5,,
5,,
6,,
5,,
5,,
5,,
5,,
5,,
5,,
8,,
5,,
5,,
5,,
4,,
5,,
5,,
5,,
6,,
5,,
6,,
4,,
5,,
5,,
5,,
6,,
5,,
5,,
5,,
6,,
4,,
4,,
5,,
5,,
7,,
5,,
5,,
5,,
4,,
5,,
5,,
4,,
5,,
5,,
5,,
5,,
5,,
5,,
10,,
6,,
6,,
5,,
5,,
5,,
7,,
5,,
5,,
5,,
5,,
6,,
5,,
6,,
5,,
5,,
5,,
5,,
5,,
5,,
5,,
6,,
6,,
5,,
5,,
5,,
5,,
9,,
7,,
5,,
5,,
5,,
4,,
12,,
7,,
8,,
5,,
5,,
5,,
6,,
5,,
6,,
22,,
5,,
4,,
5,,
5,,
5,,
5,,
9,,
7,,
6,,
6,,
5,,
5,,
11,,
8,,
6,,
5,,
5,,
5,,
5,,
3,,
3,,
3,,
3,,
4,,
4,,
3,,
4,,
3,,
3,,
3,,
3,,
3,,
3,,
3,,
3,,
3,,
3,,
4,,
3,,
3,,
3,,
3,,
3,,
3,,
3,,
3,,
3,,
3,,
3,,
3,,
3,,
3,,
5,,
3,,
3,,
3,,
4,,
3,,
3,,
3,,
3,,
3,,
3,,
3,,
3,,
3,,
3,,
3,,
3,,
3,,
3,,
2,,
2,,
3,,
3,,
3,,
3,,
3,,
2,,
3,,
2,,
5,,
2,,
3,,
3,,
3,,
3,,
3,,
3,,
3,,
3,,
3,,
2,,
3,,
3,,
4,,
3,,
3,,
3,,
3,,
3,,
4,,
3,,
3,,
3,,
4,,
3,,
3,,
2,,
2,,
4,,
3,,
3,,
4,,
3,,
3,,
3,,
2,,
3,,
3,,
3,,
3,,
3,,
3,,
4,,
3,,
3,,
3,,
3,,
3,,
3,,
3,,
3,,
3,,
3,,
3,,
3,,
3,,
3,,
3,,
4,,
3,,
3,,
5,,
5,,
5,,
5,,
4,,
5,,
6,,
5,,
5,,
5,,
5,,
5,,
5,,
7,,
6,,
5,,
5,,
5,,
5,,
5,,
7,,
6,,
6,,
6,,
5,,
5,,
5,,
6,,
5,,
7,,
5,,
5,,
5,,
4,,
5,,
5,,
7,,
7,,
5,,
5,,
5,,
4,,
4,,
7,,
4,,
6,,
5,,
5,,
6,,
5,,
10,,
5,,
5,,
5,,
5,,
4,,
5,,
6,,
5,,
5,,
5,,
6,,
5,,
5,,
6,,
6,,
6,,
5,,
5,,
5,,
5,,
5,,
7,,
17,,
5,,
10,,
5,,
6,,
6,,
9,,
5,,
7,,
6,,
20,,
5,,
6,,
6,,
6,,
4,,
5,,
5,,
8,,
10,,
10,,
5,,
5,,
5,,
4,,
4,,
6,,
13,,
6,,
8,,
6,,
6,,
7,,
7,,
6,,
5,,
2,,
3,,
3,,
3,,
2,,
2,,
2,,
2,,
3,,
3,,
3,,
3,,
3,,
3,,
3,,
3,,
3,,
4,,
3,,
4,,
3,,
4,,
3,,
3,,
3,,
3,,
3,,
3,,
3,,
3,,
3,,
3,,
3,,
3,,
3,,
3,,
3,,
2,,
3,,
3,,
3,,
3,,
4,,
2,,
3,,
3,,
3,,
4,,
3,,
3,,
3,,
2,,
3,,
3,,
3,,
2,,
3,,
4,,
3,,
4,,
3,,
3,,
3,,
2,,
3,,
3,,
3,,
3,,
3,,
3,,
3,,
3,,
3,,
3,,
9,,
3,,
4,,
3,,
3,,
3,,
3,,
3,,
4,,
3,,
3,,
4,,
4,,
4,,
3,,
4,,
3,,
3,,
4,,
6,,
6,,
5,,
6,,
5,,
5,,
5,,
5,,
4,,
5,,
5,,
6,,
5,,
5,,
5,,
4,,
5,,
8,,
6,,
5,,
5,,
5,,
5,,
5,,
5,,
6,,
4,,
5,,
5,,
5,,
5,,
6,,
7,,
5,,
5,,
5,,
5,,
4,,
4,,
6,,
5,,
5,,
4,,
5,,
5,,
5,,
6,,
5,,
7,,
5,,
5,,
5,,
5,,
5,,
6,,
5,,
5,,
5,,
5,,
4,,
5,,
5,,
7,,
6,,
5,,
6,,
4,,
5,,
5,,
5,,
6,,
5,,
5,,
6,,
7,,
6,,
26,,
8,,
6,,
7,,
5,,
4,,
6,,
3,,
3,,
4,,
3,,
3,,
3,,
4,,
3,,
3,,
3,,
3,,
2,,
3,,
3,,
3,,
2,,
3,,
3,,
3,,
3,,
3,,
3,,
3,,
3,,
3,,
3,,
2,,
3,,
3,,
3,,
4,,
3,,
3,,
3,,
4,,
3,,
3,,
3,,
3,,
3,,
3,,
3,,
3,,
3,,
2,,
3,,
3,,
3,,
3,,
3,,
3,,
3,,
3,,
3,,
3,,
3,,
3,,
3,,
3,,
3,,
3,,
3,,
3,,
6,,
3,,
3,,
3,,
3,,
3,,
3,,
3,,
3,,
3,,
3,,
6,,
5,,
5,,
5,,
5,,
5,,
7,,
8,,
5,,
5,,
5,,
5,,
5,,
6,,
5,,
8,,
5,,
6,,
8,,
12,,
8,,
6,,
5,,
5,,
5,,
5,,
6,,
6,,
5,,
5,,
5,,
6,,
5,,
5,,
4,,
5,,
6,,
5,,
4,,
5,,
5,,
7,,
7,,
5,,
6,,
5,,
5,,
5,,
5,,
5,,
5,,
5,,
5,,
5,,
5,,
8,,
5,,
6,,
5,,
5,,
5,,
5,,
6,,
5,,
5,,
5,,
4,,
3,,
3,,
3,,
4,,
4,,
3,,
3,,
2,,
7,,
3,,
3,,
3,,
3,,
2,,
2,,
4,,
3,,
3,,
4,,
3,,
3,,
3,,
3,,
3,,
3,,
3,,
3,,
3,,
3,,
3,,
3,,
3,,
3,,
3,,
3,,
3,,
3,,
4,,
3,,
3,,
3,,
3,,
3,,
3,,
3,,
3,,
3,,
3,,
2,,
2,,
3,,
3,,
3,,
3,,
3,,
3,,
3,,
3,,
4,,
5,,
5,,
4,,
8,,
5,,
5,,
5,,
5,,
5,,
5,,
5,,
8,,
7,,
5,,
5,,
5,,
5,,
5,,
6,,
6,,
5,,
4,,
5,,
5,,
4,,
4,,
5,,
6,,
5,,
5,,
5,,
6,,
6,,
5,,
5,,
4,,
5,,
5,,
5,,
5,,
6,,
5,,
5,,
6,,
5,,
9,,
6,,
4,,
5,,
5,,
5,,
5,,
5,,
9,,
3,,
3,,
3,,
3,,
3,,
3,,
4,,
3,,
3,,
3,,
3,,
3,,
4,,
3,,
3,,
3,,
3,,
3,,
3,,
2,,
3,,
3,,
2,,
3,,
4,,
3,,
3,,
3,,
2,,
3,,
3,,
3,,
3,,
3,,
4,,
5,,
4,,
4,,
3,,
3,,
5,,
3,,
3,,
3,,
3,,
3,,
3,,
3,,
3,,
3,,
5,,
5,,
5,,
7,,
12,,
7,,
5,,
5,,
10,,
6,,
6,,
5,,
5,,
5,,
5,,
6,,
5,,
5,,
5,,
5,,
4,,
5,,
7,,
7,,
5,,
5,,
5,,
4,,
4,,
4,,
10,,
7,,
6,,
5,,
5,,
5,,
5,,
7,,
6,,
8,,
6,,
8,,
5,,
5,,
4,,
5,,
3,,
3,,
3,,
3,,
3,,
3,,
3,,
3,,
3,,
3,,
3,,
3,,
3,,
4,,
4,,
4,,
3,,
3,,
3,,
3,,
3,,
3,,
3,,
2,,
3,,
3,,
3,,
3,,
7,,
3,,
4,,
3,,
3,,
3,,
2,,
3,,
3,,
3,,
3,,
3,,
3,,
2,,
7,,
6,,
5,,
5,,
5,,
5,,
5,,
8,,
5,,
5,,
5,,
5,,
5,,
5,,
5,,
6,,
5,,
5,,
4,,
5,,
5,,
8,,
5,,
5,,
4,,
5,,
4,,
5,,
5,,
10,,
5,,
5,,
5,,
5,,
6,,
7,,
5,,
8,,
4,,
3,,
3,,
3,,
3,,
3,,
3,,
3,,
2,,
2,,
3,,
3,,
3,,
4,,
3,,
3,,
3,,
3,,
3,,
3,,
3,,
2,,
2,,
3,,
3,,
4,,
3,,
4,,
3,,
3,,
3,,
3,,
4,,
3,,
3,,
3,,
3,,
5,,
4,,
5,,
4,,
6,,
5,,
5,,
5,,
5,,
6,,
5,,
7,,
9,,
6,,
5,,
5,,
5,,
5,,
4,,
6,,
5,,
5,,
5,,
5,,
5,,
5,,
21,,
8,,
6,,
5,,
6,,
5,,
5,,
5,,
3,,
4,,
4,,
3,,
3,,
3,,
3,,
3,,
3,,
3,,
2,,
3,,
3,,
3,,
3,,
3,,
2,,
2,,
2,,
3,,
3,,
2,,
3,,
3,,
3,,
2,,
3,,
3,,
3,,
2,,
3,,
3,,
9,,
4,,
5,,
4,,
5,,
6,,
14,,
5,,
7,,
11,,
7,,
9,,
13,,
5,,
5,,
5,,
5,,
5,,
5,,
6,,
6,,
6,,
4,,
6,,
4,,
6,,
7,,
6,,
4,,
5,,
4,,
3,,
3,,
2,,
3,,
3,,
3,,
3,,
3,,
3,,
3,,
3,,
3,,
3,,
4,,
3,,
2,,
3,,
3,,
3,,
3,,
4,,
3,,
4,,
3,,
3,,
3,,
4,,
5,,
5,,
5,,
5,,
5,,
5,,
6,,
6,,
5,,
5,,
5,,
5,,
5,,
6,,
5,,
5,,
5,,
5,,
5,,
5,,
6,,
6,,
5,,
5,,
5,,
4,,
4,,
3,,
3,,
4,,
3,,
3,,
3,,
3,,
3,,
2,,
3,,
3,,
3,,
4,,
3,,
3,,
3,,
3,,
4,,
3,,
3,,
3,,
4,,
4,,
3,,
2,,
5,,
5,,
6,,
7,,
6,,
6,,
5,,
5,,
5,,
8,,
6,,
5,,
5,,
4,,
5,,
5,,
5,,
5,,
5,,
6,,
5,,
5,,
5,,
5,,
3,,
3,,
3,,
3,,
3,,
3,,
3,,
3,,
3,,
3,,
2,,
3,,
2,,
3,,
4,,
3,,
3,,
3,,
3,,
3,,
3,,
3,,
3,,
5,,
5,,
5,,
5,,
5,,
9,,
5,,
5,,
5,,
5,,
5,,
5,,
5,,
5,,
5,,
6,,
5,,
5,,
11,,
6,,
5,,
3,,
3,,
3,,
3,,
3,,
3,,
3,,
3,,
2,,
3,,
2,,
3,,
3,,
4,,
3,,
4,,
3,,
4,,
3,,
4,,
3,,
5,,
5,,
6,,
5,,
5,,
5,,
5,,
5,,
5,,
7,,
5,,
4,,
5,,
5,,
5,,
5,,
6,,
5,,
5,,
3,,
3,,
3,,
3,,
3,,
3,,
3,,
3,,
3,,
3,,
3,,
3,,
3,,
3,,
3,,
3,,
3,,
3,,
3,,
5,,
5,,
11,,
6,,
6,,
5,,
8,,
6,,
10,,
7,,
26,,
7,,
6,,
8,,
8,,
8,,
5,,
6,,
4,,
3,,
3,,
3,,
3,,
3,,
2,,
4,,
3,,
3,,
3,,
3,,
5,,
3,,
3,,
3,,
3,,
21,,
6,,
6,,
6,,
5,,
5,,
5,,
5,,
8,,
20,,
5,,
5,,
5,,
5,,
5,,
5,,
5,,
3,,
4,,
3,,
3,,
3,,
3,,
3,,
3,,
3,,
3,,
3,,
3,,
3,,
5,,
4,,
10,,
5,,
5,,
5,,
5,,
6,,
5,,
5,,
5,,
6,,
5,,
5,,
5,,
6,,
5,,
5,,
3,,
3,,
3,,
3,,
3,,
3,,
3,,
3,,
3,,
3,,
3,,
3,,
3,,
3,,
5,,
5,,
6,,
5,,
8,,
5,,
5,,
5,,
5,,
5,,
4,,
5,,
7,,
5,,
3,,
3,,
3,,
3,,
3,,
3,,
3,,
4,,
3,,
3,,
4,,
4,,
3,,
3,,
5,,
5,,
4,,
5,,
5,,
5,,
6,,
6,,
6,,
5,,
5,,
5,,
5,,
3,,
3,,
3,,
3,,
3,,
3,,
3,,
3,,
3,,
3,,
2,,
3,,
3,,
5,,
5,,
6,,
6,,
6,,
5,,
5,,
5,,
9,,
5,,
10,,
5,,
3,,
3,,
3,,
3,,
3,,
4,,
3,,
3,,
4,,
3,,
3,,
3,,
5,,
5,,
5,,
5,,
5,,
6,,
5,,
6,,
4,,
6,,
5,,
3,,
3,,
3,,
3,,
3,,
3,,
3,,
4,,
3,,
3,,
4,,
8,,
5,,
4,,
5,,
6,,
5,,
5,,
5,,
5,,
6,,
5,,
4,,
3,,
3,,
5,,
3,,
3,,
3,,
3,,
3,,
3,,
5,,
6,,
7,,
6,,
8,,
6,,
6,,
6,,
5,,
7,,
25,,
4,,
4,,
3,,
3,,
3,,
3,,
3,,
3,,
3,,
6,,
8,,
7,,
5,,
5,,
6,,
9,,
8,,
5,,
5,,
3,,
4,,
3,,
3,,
3,,
3,,
3,,
3,,
3,,
8,,
5,,
6,,
5,,
5,,
9,,
6,,
5,,
5,,
3,,
2,,
3,,
3,,
3,,
3,,
3,,
3,,
3,,
8,,
6,,
6,,
5,,
5,,
5,,
15,,
5,,
3,,
3,,
3,,
3,,
3,,
3,,
3,,
3,,
3,,
6,,
5,,
5,,
8,,
7,,
6,,
5,,
5,,
3,,
3,,
3,,
4,,
3,,
3,,
3,,
3,,
4,,
4,,
5,,
5,,
4,,
6,,
5,,
6,,
3,,
3,,
3,,
3,,
3,,
3,,
3,,
6,,
11,,
5,,
5,,
4,,
5,,
5,,
3,,
3,,
3,,
3,,
3,,
3,,
5,,
5,,
5,,
5,,
5,,
6,,
7,,
5,,
5,,
3,,
3,,
3,,
2,,
3,,
2,,
4,,
5,,
7,,
6,,
5,,
4,,
4,,
3,,
4,,
3,,
3,,
3,,
3,,
3,,
7,,
5,,
5,,
5,,
5,,
4,,
3,,
6,,
5,,
3,,
3,,
3,,
5,,
5,,
5,,
4,,
5,,
6,,
4,,
4,,
3,,
4,,
3,,
3,,
5,,
6,,
9,,
5,,
5,,
6,,
3,,
3,,
2,,
3,,
2,,
3,,
5,,
4,,
7,,
7,,
4,,
5,,
3,,
5,,
3,,
3,,
3,,
9,,
8,,
6,,
6,,
6,,
5,,
3,,
3,,
3,,
4,,
3,,
5,,
5,,
5,,
5,,
5,,
3,,
3,,
3,,
3,,
3,,
5,,
5,,
5,,
5,,
12,,
3,,
3,,
4,,
3,,
4,,
15,,
7,,
5,,
7,,
5,,
4,,
3,,
3,,
3,,
3,,
4,,
5,,
6,,
5,,
3,,
3,,
3,,
3,,
3,,
5,,
6,,
5,,
5,,
3,,
6,,
3,,
